id,valeur_NO2,valeur_CO,valeur_O3,valeur_PM10,valeur_PM25
2024-09-03 23,30.90724,0.20298256,81.2012,1.71047,0.45506096
2024-09-04 00,31.025278,0.20344748,80.764854,1.6554466,0.4252426
2024-09-04 01,31.232595,0.20430715,79.97364,1.5250425,0.392655
2024-09-04 02,31.54493,0.2056376,78.85261,1.3234515,0.3701519
2024-09-04 03,31.703579,0.20634533,78.36025,1.2184706,0.37759092
2024-09-04 04,31.804024,0.2068366,78.061745,1.1369798,0.3955792
2024-09-04 05,31.947886,0.20756721,77.649155,1.0174836,0.421468
2024-09-04 06,32.10989,0.20842727,77.26628,0.8866911,0.4619418
2024-09-04 07,32.230225,0.20912977,77.12077,0.7730459,0.5097867
2024-09-04 08,32.250954,0.20932242,77.366974,0.75229996,0.57111067
2024-09-04 09,32.237904,0.20931832,77.73517,0.7596784,0.62994087
2024-09-04 10,32.19182,0.20912121,78.23846,0.8051658,0.68562245
2024-09-04 11,32.033184,0.20834595,79.041534,0.92609453,0.72297084
2024-09-04 12,31.701778,0.2066549,80.25525,1.1393875,0.73286456
2024-09-04 13,31.206238,0.2042068,81.87935,1.4742823,0.73918563
2024-09-04 14,31.135332,0.20368733,82.06618,1.5213748,0.72857887
2024-09-04 15,31.069252,0.203164,82.26481,1.5587417,0.7079523
2024-09-04 16,31.009676,0.20263304,82.46471,1.574724,0.67398244
2024-09-04 17,30.987976,0.20228978,82.60167,1.5587244,0.632009
2024-09-04 18,31.021276,0.20224722,82.63972,1.5167665,0.5927123
2024-09-04 19,31.071821,0.20233719,82.614075,1.4703212,0.55813235
2024-09-04 20,31.111692,0.20237303,82.579636,1.4253775,0.5248756
2024-09-04 21,31.16881,0.20252219,82.52303,1.382315,0.4998739
2024-09-04 22,31.214907,0.20265433,82.461075,1.3452934,0.48144963
2024-09-04 23,31.26063,0.20280421,82.34551,1.298175,0.46530357
2024-09-05 00,31.312216,0.20302612,82.19259,1.2396048,0.45483816
2024-09-05 01,31.348675,0.20315608,82.12713,1.205198,0.44719392
2024-09-05 02,31.388285,0.20337698,82.04178,1.1658636,0.4498578
2024-09-05 03,31.441895,0.20368022,81.907974,1.1068188,0.44976676
2024-09-05 04,31.496233,0.20404609,81.80107,1.0503802,0.45790768
2024-09-05 05,31.531143,0.20438044,81.791954,1.0128667,0.47355708
2024-09-05 06,31.591442,0.20489652,81.72408,0.9719617,0.4988063
2024-09-05 07,31.675543,0.2055672,81.5737,0.93321407,0.52775985
2024-09-05 08,31.775545,0.20639268,81.30837,0.91255444,0.5678128
2024-09-05 09,31.838728,0.20709813,80.955315,0.9279413,0.60386837
2024-09-05 10,31.824543,0.20747192,80.63305,1.0017947,0.6323428
2024-09-05 11,31.762852,0.20768054,80.33844,1.1302745,0.66383564
2024-09-05 12,31.530504,0.2070223,80.32966,1.3485554,0.6709577
2024-09-05 13,31.196106,0.20583671,80.50227,1.6072409,0.660109
2024-09-05 14,31.0544,0.20561732,80.16621,1.7619464,0.65794736
2024-09-05 15,30.86375,0.20512235,79.91375,1.9274219,0.64154416
2024-09-05 16,30.672266,0.20457132,79.65895,2.0738947,0.6090763
2024-09-05 17,30.53833,0.20427634,79.32892,2.180429,0.56735843
2024-09-05 18,30.45378,0.20420507,78.94785,2.2537732,0.51948553
2024-09-05 19,30.416792,0.20439802,78.53646,2.3307939,0.47972086
2024-09-05 20,30.37606,0.204544,78.10053,2.4081163,0.434317
2024-09-05 21,30.352776,0.20476682,77.64112,2.4884162,0.38820404
2024-09-05 22,30.339777,0.20499204,77.142914,2.5680516,0.33672026
2024-09-05 23,30.353357,0.20529525,76.582794,2.6513028,0.28033835
2024-09-06 00,30.40787,0.20566185,75.87478,2.729523,0.21175344
2024-09-06 01,30.579596,0.2064513,74.75016,2.7307913,0.12539987
2024-09-06 02,30.858017,0.2075874,73.26303,2.694417,0.024137132
2024-09-06 03,31.386307,0.20952596,70.93439,2.5619504,-0.106029645
2024-09-06 04,32.260376,0.21257564,67.38971,2.313517,-0.26005623
2024-09-06 05,34.032013,0.2186443,60.714375,1.6897672,-0.503442
2024-09-06 06,37.149796,0.23010987,49.977978,0.386364,-0.75505334
2024-09-06 07,38.626354,0.23617639,45.087402,-0.16657872,-0.6428333
2024-09-06 08,39.34312,0.23923,42.7254,-0.4050533,-0.48450428
2024-09-06 09,39.70636,0.24074996,41.73974,-0.48052046,-0.3405151
2024-09-06 10,39.908413,0.24159054,41.40328,-0.5052016,-0.2340005
2024-09-06 11,40.01198,0.24203883,41.37247,-0.496218,-0.15089291
2024-09-06 12,40.025776,0.2421133,41.520466,-0.48898625,-0.11096849
2024-09-06 13,40.037346,0.24222313,41.704266,-0.49211887,-0.07052025
2024-09-06 14,40.047993,0.2423634,41.89254,-0.50977534,-0.038623363
2024-09-06 15,40.0113,0.24227518,42.13685,-0.51410747,-0.031039018
2024-09-06 16,39.984116,0.24223198,42.382805,-0.52999485,-0.023495398
2024-09-06 17,39.941612,0.24212173,42.620747,-0.54847974,-0.023944965
2024-09-06 18,39.91115,0.24202898,42.804615,-0.5799784,-0.031838335
2024-09-06 19,39.926342,0.2421252,42.892258,-0.6138502,-0.02092576
2024-09-06 20,39.942738,0.24221812,42.946167,-0.6502332,-0.013558613
2024-09-06 21,39.976414,0.24236494,42.95429,-0.6805409,0.0021586614
2024-09-06 22,40.009995,0.24252523,42.928486,-0.709744,0.021027694
2024-09-06 23,40.04888,0.24270076,42.88052,-0.74204516,0.041791618
2024-09-07 00,40.10696,0.2429848,42.758415,-0.7869112,0.06987797
2024-09-07 01,40.19164,0.24336395,42.58326,-0.83865523,0.10717685
2024-09-07 02,40.230427,0.24352184,42.592575,-0.8674872,0.13482401
2024-09-07 03,40.2974,0.2437969,42.538216,-0.90674394,0.16946381
2024-09-07 04,40.403893,0.24425016,42.365284,-0.96282005,0.21256314
2024-09-07 05,40.55374,0.2448598,42.103786,-1.0258,0.26663893
2024-09-07 06,40.76544,0.24574098,41.70586,-1.1014484,0.34642705
2024-09-07 07,41.00501,0.24673851,41.27655,-1.1638588,0.447487
2024-09-07 08,41.205456,0.2475712,40.92787,-1.1867967,0.5428383
2024-09-07 09,41.31791,0.24801545,40.75886,-1.1675005,0.60127956
2024-09-07 10,41.366207,0.24823822,40.752117,-1.0976168,0.64831644
2024-09-07 11,41.242035,0.24767944,41.02459,-0.9694736,0.6139952
2024-09-07 12,40.9953,0.24656527,41.48011,-0.816028,0.5226685
2024-09-07 13,40.726925,0.24535425,41.94017,-0.6813003,0.41593826
2024-09-07 14,40.493256,0.24433607,42.360733,-0.58095354,0.32674515
2024-09-07 15,40.316994,0.24363256,42.689392,-0.49658906,0.27347025
2024-09-07 16,40.05918,0.24250816,43.09989,-0.409955,0.17355783
2024-09-07 17,39.871014,0.241689,43.368313,-0.36004913,0.09384955
2024-09-07 18,39.73889,0.24111219,43.531025,-0.33992454,0.02874699
2024-09-07 19,39.705067,0.24097277,43.51928,-0.34984878,-0.0057355096
2024-09-07 20,39.69152,0.24092662,43.46513,-0.36164564,-0.030286811
2024-09-07 21,39.703445,0.24098636,43.34607,-0.3815372,-0.046338666
2024-09-07 22,39.719315,0.24105957,43.20711,-0.39945257,-0.060035683
2024-09-07 23,39.743835,0.24117225,43.026096,-0.4244271,-0.07115188
2024-09-08 00,39.780926,0.24132878,42.79553,-0.45585665,-0.077064924
2024-09-08 01,39.855972,0.24166822,42.475903,-0.5119328,-0.07560284
2024-09-08 02,39.98128,0.24224164,42.05911,-0.5905326,-0.053594816
2024-09-08 03,40.146366,0.242976,41.606033,-0.7031422,-0.026798874
2024-09-08 04,40.273212,0.24353829,41.411194,-0.76021075,0.021613806
2024-09-08 05,40.407013,0.24411555,41.20881,-0.82296634,0.071302526
2024-09-08 06,40.5863,0.24488595,40.90411,-0.8974411,0.14056697
2024-09-08 07,40.78058,0.24572566,40.602444,-0.9591783,0.22266841
2024-09-08 08,40.961075,0.2465468,40.341248,-0.9945431,0.31244126
2024-09-08 09,41.043503,0.24695066,40.257675,-0.98694885,0.36018476
2024-09-08 10,40.973995,0.2466095,40.438015,-0.8872407,0.35252696
2024-09-08 11,40.822166,0.24591137,40.741814,-0.7696862,0.30990833
2024-09-08 12,40.619576,0.24498767,41.120415,-0.65818983,0.24046902
2024-09-08 13,40.44842,0.24427801,41.42459,-0.5850958,0.19452138
2024-09-08 14,40.276928,0.24358308,41.707165,-0.53435284,0.13924462
2024-09-08 15,40.137497,0.24302131,41.947514,-0.53947896,0.081046075
2024-09-08 16,40.15527,0.24319717,41.988155,-0.60468537,0.08470809
2024-09-08 17,40.1659,0.24334241,42.143967,-0.6355626,0.10642384
2024-09-08 18,40.152287,0.24334614,42.321987,-0.65752536,0.11524829
2024-09-08 19,40.143585,0.2433445,42.478535,-0.68361306,0.11964973
2024-09-08 20,40.141525,0.24337482,42.573658,-0.7053687,0.12531604
2024-09-08 21,40.14387,0.2434207,42.63794,-0.72016007,0.1302365
2024-09-08 22,40.140213,0.24341759,42.703857,-0.7245699,0.1306182
2024-09-08 23,40.119682,0.24332649,42.800545,-0.7218774,0.12246052
2024-09-09 00,40.09262,0.2431823,42.927086,-0.7117633,0.1082285
2024-09-09 01,40.02304,0.24284944,43.143593,-0.6759844,0.09018114
2024-09-09 02,40.047146,0.24293627,43.03454,-0.69490945,0.08239797
2024-09-09 03,40.097412,0.24312802,42.86944,-0.72173935,0.08251615
2024-09-09 04,40.183495,0.2434791,42.616417,-0.7617814,0.09440691
2024-09-09 05,40.317917,0.24403168,42.268238,-0.8162783,0.12161968
2024-09-09 06,40.493248,0.24475142,41.840588,-0.87417525,0.16995332
2024-09-09 07,40.679123,0.2455188,41.40049,-0.91874796,0.23221552
2024-09-09 08,40.81429,0.24607825,41.064346,-0.92642844,0.28504243
2024-09-09 09,40.8755,0.24630691,40.861412,-0.88966566,0.31097278
2024-09-09 10,40.87698,0.24627668,40.74229,-0.8142503,0.3163979
2024-09-09 11,40.762653,0.24573542,40.80515,-0.70411736,0.27649426
2024-09-09 12,40.59889,0.2449901,40.937656,-0.59659064,0.21426798
2024-09-09 13,40.438232,0.2442839,41.04626,-0.518966,0.14669481
2024-09-09 14,40.330456,0.24387544,41.075966,-0.44565627,0.11096263
2024-09-09 15,40.158695,0.24314073,41.16287,-0.37594512,0.029155033
2024-09-09 16,40.050884,0.24270044,41.142174,-0.324391,-0.017264545
2024-09-09 17,39.973553,0.2423863,41.016087,-0.3052761,-0.057850134
2024-09-09 18,39.982292,0.24247214,40.708366,-0.3345741,-0.06962192
2024-09-09 19,40.069736,0.24289013,40.257687,-0.43573207,-0.08197183
2024-09-09 20,40.124058,0.24316865,40.130043,-0.46899113,-0.06357153
2024-09-09 21,40.155704,0.243331,40.097355,-0.47582588,-0.039460212
2024-09-09 22,40.17771,0.24344791,40.104473,-0.47309887,-0.014096815
2024-09-09 23,40.20093,0.24356253,40.098827,-0.47591218,0.010357069
2024-09-10 00,40.235046,0.24370643,40.068092,-0.48228094,0.036202773
2024-09-10 01,40.282234,0.24389493,39.981247,-0.5074194,0.059799045
2024-09-10 02,40.3315,0.24408592,39.90436,-0.5296065,0.087690555
2024-09-10 03,40.400833,0.24436203,39.783756,-0.5608462,0.122089215
2024-09-10 04,40.47843,0.24466963,39.64466,-0.59817857,0.159547
2024-09-10 05,40.586926,0.2450991,39.430164,-0.6434502,0.20952077
2024-09-10 06,40.701927,0.24557066,39.207073,-0.68501973,0.26975954
2024-09-10 07,40.813507,0.2460267,38.982723,-0.7236379,0.3261199
2024-09-10 08,40.92572,0.24650027,38.791775,-0.7505627,0.39008218
2024-09-10 09,41.0375,0.246992,38.636696,-0.7614448,0.4607065
2024-09-10 10,41.102062,0.24729201,38.590225,-0.73913693,0.51983774
2024-09-10 11,41.03514,0.247024,38.753582,-0.6669059,0.51454353
2024-09-10 12,40.877148,0.24633163,39.002583,-0.5821099,0.4492565
2024-09-10 13,40.762287,0.24582231,39.166542,-0.558171,0.3810453
2024-09-10 14,40.707085,0.24560888,39.39243,-0.53350717,0.36713988
2024-09-10 15,40.63542,0.24532214,39.62568,-0.5159456,0.33958456
2024-09-10 16,40.592175,0.24516709,39.80534,-0.51512575,0.32737678
2024-09-10 17,40.571136,0.24510354,39.941715,-0.52048486,0.32476082
2024-09-10 18,40.552464,0.24504755,40.071407,-0.52612007,0.32327077
2024-09-10 19,40.52838,0.2449653,40.207005,-0.5335762,0.32011583
2024-09-10 20,40.508446,0.24488872,40.329365,-0.54593396,0.31339708
2024-09-10 21,40.505543,0.24489248,40.42286,-0.5594482,0.31772587
2024-09-10 22,40.499043,0.24487641,40.509056,-0.57437766,0.3203442
2024-09-10 23,40.49263,0.24484158,40.588326,-0.5945023,0.31773862
2024-09-11 00,40.49779,0.24486108,40.637413,-0.61945087,0.32211533
2024-09-11 01,40.5257,0.24497278,40.65183,-0.6410512,0.33990794
2024-09-11 02,40.55004,0.24507104,40.633244,-0.6677171,0.35210615
2024-09-11 03,40.602013,0.24526599,40.556885,-0.6984563,0.37294513
2024-09-11 04,40.67215,0.24555573,40.41631,-0.74088013,0.40011877
2024-09-11 05,40.770332,0.24594283,40.210194,-0.78496087,0.43677962
2024-09-11 06,40.886166,0.24641246,39.959576,-0.8242349,0.4839123
2024-09-11 07,40.99807,0.24686052,39.729393,-0.8477078,0.5308469
2024-09-11 08,41.076645,0.2471748,39.566906,-0.8386466,0.5698083
2024-09-11 09,41.073936,0.24713705,39.556396,-0.78689396,0.5780842
2024-09-11 10,40.98056,0.24670324,39.681923,-0.70512706,0.5448346
2024-09-11 11,40.832134,0.24601074,39.89283,-0.62302357,0.47355548
2024-09-11 12,40.745995,0.24563654,40.010006,-0.56176096,0.4375933
2024-09-11 13,40.648457,0.24520892,40.134857,-0.5076179,0.39360523
2024-09-11 14,40.5413,0.24476974,40.337467,-0.45074782,0.3586053
2024-09-11 15,40.4338,0.24434088,40.550507,-0.4152968,0.31904662
2024-09-11 16,40.354736,0.2440578,40.730743,-0.40080744,0.2900699
2024-09-11 17,40.299515,0.24389052,40.875076,-0.4031116,0.27047342
2024-09-11 18,40.271595,0.243836,40.946774,-0.4132947,0.26117626
2024-09-11 19,40.255478,0.2438089,40.965656,-0.42637742,0.25113964
2024-09-11 20,40.250328,0.24381743,40.94551,-0.44072005,0.24543102
2024-09-11 21,40.255344,0.24386182,40.89061,-0.45464846,0.24692027
2024-09-11 22,40.269966,0.24393669,40.80409,-0.4727537,0.24952264
2024-09-11 23,40.29239,0.24403913,40.67976,-0.4952342,0.25809476
2024-09-12 00,40.344624,0.24426709,40.478622,-0.528312,0.27886268
2024-09-12 01,40.42629,0.24462068,40.217392,-0.58815074,0.3047028
2024-09-12 02,40.523663,0.24504751,39.960243,-0.6424664,0.35021925
2024-09-12 03,40.656036,0.24559663,39.612984,-0.7415705,0.38686973
2024-09-12 04,40.80452,0.24621908,39.374317,-0.80544794,0.45905274
2024-09-12 05,40.959854,0.24686497,39.14582,-0.87125844,0.53734607
2024-09-12 06,41.115376,0.24752171,38.969284,-0.9178073,0.6279406
2024-09-12 07,41.243908,0.24802376,38.855408,-0.9481495,0.7008199
2024-09-12 08,41.343403,0.24841793,38.81415,-0.95091105,0.7686159
2024-09-12 09,41.34216,0.24837984,38.984398,-0.91213757,0.78481466
2024-09-12 10,41.29262,0.24813907,39.25968,-0.8682294,0.7718762
2024-09-12 11,41.251236,0.24796192,39.576054,-0.83051735,0.7635876
2024-09-12 12,41.21997,0.24787916,39.92993,-0.78484005,0.77150095
2024-09-12 13,41.098183,0.2474052,40.432304,-0.69549626,0.74624056
2024-09-12 14,40.958374,0.2468655,40.80525,-0.6179752,0.69904643
2024-09-12 15,40.804893,0.24624516,41.17682,-0.5532434,0.639571
2024-09-12 16,40.65911,0.24566874,41.526146,-0.49531186,0.58932894
2024-09-12 17,40.512173,0.24508145,41.868572,-0.46491787,0.5298248
2024-09-12 18,40.426403,0.24474598,42.074917,-0.4690688,0.48808455
2024-09-12 19,40.400288,0.24466391,42.167816,-0.48759687,0.46741325
2024-09-12 20,40.378544,0.24456684,42.246532,-0.5033893,0.4468977
2024-09-12 21,40.375362,0.2445448,42.27153,-0.5199757,0.4345214
2024-09-12 22,40.37159,0.2445043,42.283978,-0.5421714,0.41906685
2024-09-12 23,40.365055,0.24446079,42.29885,-0.55967253,0.40828285
2024-09-13 00,40.369747,0.2444601,42.295727,-0.5875812,0.39509687
2024-09-13 01,40.383884,0.24450964,42.27375,-0.6132202,0.39126238
2024-09-13 02,40.43178,0.24469626,42.176567,-0.6556786,0.3956742
2024-09-13 03,40.50789,0.24499986,42.02119,-0.7093815,0.40955567
2024-09-13 04,40.625786,0.2454857,41.778618,-0.7801369,0.4386921
2024-09-13 05,40.785343,0.24614821,41.46125,-0.8622317,0.48382843
2024-09-13 06,40.980366,0.24697067,41.07959,-0.94958204,0.54845905
2024-09-13 07,41.18285,0.24783471,40.70206,-1.0238929,0.622418
2024-09-13 08,41.339577,0.24853486,40.427555,-1.0707783,0.68380183
2024-09-13 09,41.391285,0.24873962,40.362736,-1.0334287,0.7193472
2024-09-13 10,41.336296,0.24847773,40.489277,-0.9511527,0.71112245
2024-09-13 11,41.213802,0.24793178,40.714603,-0.8489764,0.6763996
2024-09-13 12,41.04229,0.24719112,41.006012,-0.7455488,0.6175279
2024-09-13 13,40.88953,0.24655028,41.258255,-0.6854167,0.55591244
2024-09-13 14,40.770992,0.24611442,41.52693,-0.6137035,0.5246488
2024-09-13 15,40.646675,0.24565656,41.79385,-0.5495671,0.49333322
2024-09-13 16,40.48042,0.24498232,42.076527,-0.49277472,0.4353854
2024-09-13 17,40.362804,0.24450861,42.26337,-0.48828724,0.37884858
2024-09-13 18,40.320915,0.2443891,42.398567,-0.4889431,0.36650985
2024-09-13 19,40.311787,0.24438119,42.461025,-0.5062803,0.36148557
2024-09-13 20,40.317287,0.2444345,42.487194,-0.52045894,0.36463973
2024-09-13 21,40.325092,0.24448238,42.499687,-0.5358372,0.36540788
2024-09-13 22,40.33252,0.24451841,42.505753,-0.54998136,0.3671319
2024-09-13 23,40.346127,0.244567,42.502777,-0.55922383,0.3724141
2024-09-14 00,40.36971,0.24464364,42.477985,-0.5745848,0.37790713
2024-09-14 01,40.383457,0.24468055,42.461582,-0.5923621,0.38000086
2024-09-14 02,40.424923,0.24483135,42.379765,-0.62396425,0.3891966
2024-09-14 03,40.489307,0.24507625,42.25769,-0.66428244,0.40751305
2024-09-14 04,40.587914,0.24546044,42.062645,-0.7199271,0.4356122
2024-09-14 05,40.728653,0.24603334,41.77477,-0.7866955,0.48372862
2024-09-14 06,40.90301,0.24673694,41.427822,-0.8575716,0.5458551
2024-09-14 07,41.08396,0.24747908,41.074726,-0.91513205,0.6196807
2024-09-14 08,41.226955,0.2480682,40.81517,-0.9317098,0.6896207
2024-09-14 09,41.278713,0.24826504,40.73038,-0.90216154,0.72606194
2024-09-14 10,41.231102,0.24803352,40.827473,-0.82843757,0.7247867
2024-09-14 11,41.11276,0.24751441,41.03409,-0.7375059,0.69480944
2024-09-14 12,40.973362,0.24695855,41.29604,-0.6541252,0.6617339
2024-09-14 13,40.81325,0.24630599,41.5861,-0.59690994,0.606672
2024-09-14 14,40.691643,0.24587162,41.890533,-0.5451487,0.5790352
2024-09-14 15,40.56875,0.24542034,42.182144,-0.5208732,0.53854704
2024-09-14 16,40.47981,0.2451352,42.482853,-0.4906518,0.5278916
2024-09-14 17,40.370632,0.24471493,42.821712,-0.47149375,0.5020195
2024-09-14 18,40.306377,0.24450235,43.075302,-0.469647,0.4952273
2024-09-14 19,40.27333,0.24440432,43.263737,-0.48242766,0.4942076
2024-09-14 20,40.25568,0.24435224,43.420452,-0.4952083,0.49980843
2024-09-14 21,40.237698,0.24428184,43.577198,-0.50485635,0.5041931
2024-09-14 22,40.214973,0.24418662,43.747513,-0.5099479,0.5104535
2024-09-14 23,40.191334,0.24407172,43.928875,-0.51158756,0.5155026
2024-09-15 00,40.154743,0.2438918,44.1534,-0.50193954,0.52088934
2024-09-15 01,40.12102,0.24371614,44.36102,-0.48882228,0.5290782
2024-09-15 02,40.165558,0.24388546,44.32214,-0.52249557,0.54582393
2024-09-15 03,40.23699,0.2441593,44.22135,-0.56612766,0.56865203
2024-09-15 04,40.353466,0.24462084,44.01252,-0.628469,0.6029229
2024-09-15 05,40.523327,0.24530388,43.697777,-0.70941603,0.6514785
2024-09-15 06,40.7408,0.24618915,43.290916,-0.7978106,0.7186133
2024-09-15 07,40.98317,0.24719086,42.84911,-0.87728196,0.8038402
2024-09-15 08,41.194107,0.24806635,42.47877,-0.9187393,0.8879971
2024-09-15 09,41.274372,0.24837649,42.392006,-0.8921769,0.93242675
2024-09-15 10,41.226166,0.24812213,42.570175,-0.8049474,0.9322862
2024-09-15 11,41.054512,0.24735269,42.982204,-0.6802993,0.8939932
2024-09-15 12,40.7948,0.24621156,43.56341,-0.54136884,0.8290391
2024-09-15 13,40.498276,0.24490432,44.2544,-0.4198188,0.7503809
2024-09-15 14,40.284973,0.24404179,44.844852,-0.34306577,0.7072296
2024-09-15 15,40.048195,0.24307106,45.491726,-0.27560702,0.65494096
2024-09-15 16,39.816875,0.24212144,46.15729,-0.22050604,0.60384685
2024-09-15 17,39.58552,0.2411492,46.831215,-0.1797132,0.54809976
2024-09-15 18,39.435886,0.24053106,47.321037,-0.17412975,0.5102355
2024-09-15 19,39.388573,0.24035937,47.564175,-0.19492745,0.49714378
2024-09-15 20,39.37463,0.24032976,47.698246,-0.21941869,0.49778816
2024-09-15 21,39.358017,0.24027523,47.82881,-0.23629849,0.4993892
2024-09-15 22,39.339108,0.24020034,47.95385,-0.2474136,0.5043448
2024-09-15 23,39.295757,0.24002603,48.124706,-0.2563454,0.5039807
2024-09-16 00,39.26597,0.23992823,48.25456,-0.27920562,0.5072267
2024-09-16 01,39.22301,0.23975645,48.46196,-0.27984422,0.51474077
2024-09-16 02,39.229893,0.23979819,48.524223,-0.3038004,0.5298232
2024-09-16 03,39.289303,0.24006513,48.459,-0.35053915,0.5538243
2024-09-16 04,39.425526,0.24065375,48.20057,-0.42969123,0.5890918
2024-09-16 05,39.665268,0.24167146,47.6909,-0.546564,0.642298
2024-09-16 06,40.010395,0.24312364,46.93111,-0.6934855,0.7207901
2024-09-16 07,40.41041,0.24482837,46.063408,-0.8456626,0.8205796
2024-09-16 08,40.775394,0.24640273,45.28811,-0.95329285,0.93296576
2024-09-16 09,40.942783,0.24711043,44.98501,-0.9590402,1.0004615
2024-09-16 10,40.913742,0.24694008,45.10389,-0.86996394,1.0147853
2024-09-16 11,40.72159,0.24606608,45.559967,-0.7194179,0.98590446
2024-09-16 12,40.37529,0.24449544,46.37506,-0.50472695,0.92255706
2024-09-16 13,39.89144,0.24233209,47.516533,-0.24907053,0.838429
2024-09-16 14,39.28377,0.23962402,49.009224,0.046817783,0.7443153
2024-09-16 15,38.580585,0.23651385,50.827282,0.37100306,0.6541552
2024-09-16 16,37.856792,0.23335041,52.79949,0.68165684,0.5736452
2024-09-16 17,37.249493,0.23073247,54.54185,0.9149449,0.5127285
2024-09-16 18,36.89013,0.22922873,55.65606,1.0293323,0.47856778
2024-09-16 19,36.742954,0.22867535,56.19953,1.0608481,0.4714993
2024-09-16 20,36.65004,0.22837149,56.56892,1.074043,0.47392997
2024-09-16 21,36.54929,0.22805345,56.95254,1.0927609,0.4820046
2024-09-16 22,36.474297,0.22783044,57.247932,1.1052309,0.49477854
2024-09-16 23,36.383053,0.2275499,57.586296,1.1245012,0.50891876
2024-09-17 00,36.283596,0.2272207,57.95953,1.1514174,0.522274
2024-09-17 01,36.14575,0.22674192,58.455227,1.1857207,0.53126854
2024-09-17 02,36.109264,0.22667912,58.60822,1.1762624,0.5456802
2024-09-17 03,36.101067,0.22670949,58.69146,1.1540667,0.5596272
2024-09-17 04,36.151573,0.2269883,58.602947,1.1124109,0.58134294
2024-09-17 05,36.265175,0.22750318,58.3524,1.0484903,0.6006535
2024-09-17 06,36.496357,0.22848172,57.768787,0.94650394,0.62767386
2024-09-17 07,36.799854,0.22973152,56.973904,0.8230122,0.6554624
2024-09-17 08,37.19583,0.2313338,55.89401,0.67545205,0.6907506
2024-09-17 09,37.61448,0.23304619,54.73385,0.52891886,0.72925365
2024-09-17 10,37.88462,0.23413076,53.974705,0.45936307,0.76034164
2024-09-17 11,37.74517,0.23349614,54.346596,0.5608749,0.7559386
2024-09-17 12,37.621815,0.23294175,54.70366,0.6583306,0.7562628
2024-09-17 13,37.26197,0.23134851,55.77285,0.8337907,0.7269491
2024-09-17 14,36.850224,0.22959615,57.003513,1.019434,0.6924594
2024-09-17 15,36.524933,0.22823061,58.00628,1.1629294,0.6625796
2024-09-17 16,36.21266,0.22693124,58.999565,1.2875776,0.6271764
2024-09-17 17,35.783623,0.22513323,60.342915,1.4369673,0.57426083
2024-09-17 18,35.557747,0.22422229,61.122402,1.4910154,0.5361603
2024-09-17 19,35.490204,0.22400588,61.46582,1.4821613,0.51706207
2024-09-17 20,35.45875,0.2239792,61.68041,1.4660064,0.51180696
2024-09-17 21,35.39998,0.2238511,61.95533,1.4594736,0.5084652
2024-09-17 22,35.32623,0.22367254,62.260338,1.4604402,0.50862247
2024-09-17 23,35.222916,0.22337656,62.64457,1.4694496,0.5083973
2024-09-18 00,35.100414,0.22301695,63.08441,1.4894274,0.51173913
2024-09-18 01,35.017044,0.22283688,63.418385,1.4937855,0.5223794
2024-09-18 02,35.016006,0.22300516,63.465965,1.4540973,0.538123
2024-09-18 03,35.070232,0.2234048,63.366722,1.3903407,0.559719
2024-09-18 04,35.191406,0.22407833,63.070694,1.2810708,0.58185875
2024-09-18 05,35.290054,0.22459035,62.89517,1.2149669,0.6132302
2024-09-18 06,35.51577,0.22559465,62.342907,1.1076041,0.65650284
2024-09-18 07,35.832188,0.22692539,61.522003,0.97473186,0.70650935
2024-09-18 08,36.204445,0.22843774,60.521156,0.8336527,0.75665647
2024-09-18 09,36.591465,0.22996393,59.478054,0.7057425,0.8067125
2024-09-18 10,36.92656,0.23124814,58.580612,0.623104,0.8534819
2024-09-18 11,37.08481,0.23179555,58.13657,0.62840265,0.88408756
2024-09-18 12,36.751038,0.23026723,59.032715,0.82921696,0.85925674
2024-09-18 13,36.23366,0.227932,60.491726,1.0649041,0.7974544
2024-09-18 14,36.018238,0.22691618,61.238876,1.1800854,0.7679611
2024-09-18 15,35.71159,0.22553253,62.237103,1.31754,0.7205641
2024-09-18 16,35.38315,0.22408247,63.288868,1.4491093,0.66455275
2024-09-18 17,35.065376,0.22269538,64.3211,1.5588107,0.6022386
2024-09-18 18,34.90011,0.221975,64.94025,1.5968852,0.5547003
2024-09-18 19,34.849274,0.22178261,65.23224,1.5913708,0.5280321
2024-09-18 20,34.83489,0.22177997,65.380615,1.5752418,0.5160216
2024-09-18 21,34.811543,0.2217687,65.52631,1.5636692,0.51422334
2024-09-18 22,34.78587,0.22177425,65.66411,1.5497149,0.5209788
2024-09-18 23,34.743305,0.22172248,65.84298,1.5424573,0.534235
2024-09-19 00,34.687115,0.22162308,66.067184,1.5386171,0.5508762
2024-09-19 01,34.632008,0.2215379,66.2879,1.5195799,0.56622934
2024-09-19 02,34.61209,0.22161779,66.431915,1.4806424,0.5882621
2024-09-19 03,34.624107,0.22183661,66.50269,1.4274832,0.61469793
2024-09-19 04,34.689007,0.2222677,66.44456,1.354579,0.64603186
2024-09-19 05,34.847927,0.22307028,66.13822,1.2459909,0.68834066
2024-09-19 06,35.15833,0.22448123,65.415634,1.086677,0.7503761
2024-09-19 07,35.609352,0.22641107,64.28432,0.889444,0.82726717
2024-09-19 08,36.15481,0.22867712,62.850155,0.6846859,0.91614574
2024-09-19 09,36.562126,0.2302833,61.740242,0.56544,0.98364383
2024-09-19 10,36.754894,0.23094502,61.17201,0.5551878,1.0211264
2024-09-19 11,36.6752,0.23043254,61.35506,0.66873807,1.0211815
2024-09-19 12,36.360256,0.22891422,62.162113,0.8698113,0.98612887
2024-09-19 13,35.924202,0.22686905,63.336327,1.1108316,0.9302652
2024-09-19 14,35.477093,0.22480437,64.580696,1.3341179,0.8646348
2024-09-19 15,35.061646,0.22288565,65.79751,1.5244471,0.79221773
2024-09-19 16,34.70936,0.22124358,66.8695,1.6616256,0.7151398
2024-09-19 17,34.450607,0.2200125,67.725075,1.7409675,0.63723534
2024-09-19 18,34.35802,0.2195289,68.115974,1.747457,0.5785585
2024-09-19 19,34.38632,0.2196,68.160774,1.7101766,0.54228014
2024-09-19 20,34.427776,0.21977025,68.12393,1.6670623,0.51982254
2024-09-19 21,34.477036,0.2200065,68.03265,1.6212038,0.5118174
2024-09-19 22,34.525806,0.22027075,67.92984,1.5762945,0.51521426
2024-09-19 23,34.556316,0.22049926,67.84492,1.5326022,0.52845615
2024-09-20 00,34.57607,0.22073929,67.7672,1.4806597,0.5488967
2024-09-20 01,34.579334,0.22090879,67.746315,1.4430685,0.57403725
2024-09-20 02,34.527145,0.22087106,67.93536,1.4289329,0.5992442
2024-09-20 03,34.499317,0.22095248,68.07561,1.4023706,0.6304128
2024-09-20 04,34.534454,0.22129361,68.06892,1.3467345,0.6691929
2024-09-20 05,34.66705,0.22204603,67.82244,1.2544221,0.7227042
2024-09-20 06,34.946396,0.22338818,67.18263,1.1126784,0.7979743
2024-09-20 07,35.373474,0.22528076,66.13399,0.93106526,0.891703
2024-09-20 08,35.895504,0.22751284,64.765465,0.74345446,1.0018333
2024-09-20 09,36.316734,0.22923854,63.5961,0.6350648,1.095824
2024-09-20 10,36.492607,0.22987348,63.030273,0.6455586,1.1518888
2024-09-20 11,36.425953,0.22944531,63.088226,0.77125955,1.1732222
2024-09-20 12,36.146255,0.22811948,63.684616,0.98222244,1.1611477
2024-09-20 13,35.735287,0.22622055,64.60793,1.244377,1.1252064
2024-09-20 14,35.209038,0.22393392,65.83354,1.5322742,1.0731052
2024-09-20 15,34.599247,0.2212754,67.25888,1.8245035,0.99898106
2024-09-20 16,34.079544,0.21898392,68.4785,2.0482385,0.92352325
2024-09-20 17,33.748707,0.21751231,69.25394,2.1684508,0.8564572
2024-09-20 18,33.610886,0.21689832,69.552376,2.2116945,0.81148523
2024-09-20 19,33.588154,0.21681586,69.54211,2.2113752,0.78324157
2024-09-20 20,33.58394,0.21684678,69.4642,2.2103915,0.76286256
2024-09-20 21,33.545902,0.21674183,69.45552,2.225269,0.7444998
2024-09-20 22,33.489574,0.21657877,69.48589,2.242779,0.728638
2024-09-20 23,33.4272,0.216397,69.54385,2.259167,0.7140386
2024-09-21 00,33.382126,0.21630219,69.5602,2.265898,0.7036323
2024-09-21 01,33.35213,0.21628045,69.53571,2.2488716,0.6917415
2024-09-21 02,33.32717,0.2162925,69.54821,2.231638,0.68379706
2024-09-21 03,33.34637,0.2164747,69.447685,2.196843,0.6790762
2024-09-21 04,33.403145,0.2168072,69.256325,2.1457028,0.6764243
2024-09-21 05,33.52343,0.21738437,68.89625,2.0748181,0.67839587
2024-09-21 06,33.74013,0.2183196,68.271965,1.9738069,0.6872403
2024-09-21 07,34.03868,0.21953666,67.39435,1.8588413,0.7009924
2024-09-21 08,34.387943,0.22090745,66.301384,1.7415802,0.71677274
2024-09-21 09,34.61941,0.22174521,65.43254,1.6826907,0.71915716
2024-09-21 10,34.687927,0.22184426,64.933975,1.6834244,0.69618374
2024-09-21 11,34.617863,0.22133642,64.80884,1.706552,0.64380556
2024-09-21 12,34.66426,0.22127688,64.44467,1.6681842,0.5927873
2024-09-21 13,34.91108,0.22199531,63.61034,1.5083266,0.5287228
2024-09-21 14,35.09407,0.2225692,63.211346,1.4495149,0.5114437
2024-09-21 15,34.94435,0.22180375,63.661716,1.5005254,0.45780706
2024-09-21 16,34.68886,0.22062424,64.36585,1.5609164,0.3851114
2024-09-21 17,34.634094,0.22031157,64.51217,1.5324209,0.3307585
2024-09-21 18,34.734627,0.22067535,64.25645,1.4387709,0.29530102
2024-09-21 19,34.804443,0.2209813,64.13336,1.3736335,0.27923638
2024-09-21 20,34.826576,0.22113416,64.151344,1.3422298,0.2800892
2024-09-21 21,34.803425,0.22111236,64.27354,1.320526,0.27828056
2024-09-21 22,34.750355,0.22099555,64.47356,1.3057173,0.28156167
2024-09-21 23,34.675697,0.2208155,64.74025,1.2988307,0.2865684
2024-09-22 00,34.598537,0.22067137,65.02799,1.2851871,0.29345083
2024-09-22 01,34.535343,0.22058499,65.30405,1.2809585,0.3090683
2024-09-22 02,34.5032,0.22067323,65.41832,1.2545084,0.32668045
2024-09-22 03,34.490967,0.22084078,65.49082,1.2283257,0.34228435
2024-09-22 04,34.537754,0.22126094,65.39117,1.1775742,0.35438833
2024-09-22 05,34.657475,0.2219744,65.09278,1.1042299,0.36775076
2024-09-22 06,34.895454,0.2231289,64.47636,0.99872255,0.3878024
2024-09-22 07,35.265152,0.22475211,63.488903,0.8631405,0.4157498
2024-09-22 08,35.760612,0.2268136,62.091194,0.70590645,0.4516337
2024-09-22 09,36.160873,0.2283983,60.864468,0.6161743,0.4706936
2024-09-22 10,36.352806,0.22906962,60.129696,0.6253908,0.46008286
2024-09-22 11,36.279953,0.22866528,60.059105,0.7506862,0.42296204
2024-09-22 12,35.98068,0.22737248,60.525642,0.9582059,0.36520985
2024-09-22 13,35.495678,0.22532311,61.495644,1.2127231,0.28765917
2024-09-22 14,35.000793,0.22330247,62.45591,1.4312803,0.197535
2024-09-22 15,34.800755,0.22242443,62.65178,1.518924,0.111780316
2024-09-22 16,34.706764,0.22198881,62.607445,1.5643165,0.03303664
2024-09-22 17,34.749752,0.22209477,62.16511,1.5381942,-0.046635713
2024-09-22 18,34.912365,0.22268115,61.37534,1.45641,-0.12479487
2024-09-22 19,35.20131,0.22378215,60.185055,1.3186965,-0.19927685
2024-09-22 20,35.637047,0.22546741,58.484764,1.106206,-0.27364624
2024-09-22 21,36.194622,0.22765513,56.322678,0.8206735,-0.35296485
2024-09-22 22,36.89991,0.23045641,53.604523,0.43095395,-0.44193277
2024-09-22 23,37.57567,0.23310979,50.995754,0.07097246,-0.514884
2024-09-23 00,38.270477,0.23589213,48.383354,-0.29929566,-0.56208134
2024-09-23 01,38.896057,0.23849843,46.113728,-0.6590528,-0.5836557
2024-09-23 02,39.154213,0.23961094,45.16036,-0.7882747,-0.5816267
2024-09-23 03,39.378307,0.24057253,44.36877,-0.9122929,-0.5767573
2024-09-23 04,39.51628,0.24118063,43.952423,-0.9688091,-0.5606608
2024-09-23 05,39.64573,0.24173202,43.59177,-1.0068146,-0.5370022
2024-09-23 06,39.79451,0.24236046,43.19906,-1.0462525,-0.505491
2024-09-23 07,39.95793,0.2430377,42.77483,-1.0798395,-0.46592912
2024-09-23 08,40.11007,0.24367696,42.367355,-1.0914552,-0.41968602
2024-09-23 09,40.168777,0.24390726,42.059383,-1.0591109,-0.3998284
2024-09-23 10,40.1179,0.24363342,41.89838,-0.98824334,-0.4242735
2024-09-23 11,40.042545,0.24326622,41.764088,-0.926834,-0.4600528
2024-09-23 12,39.98367,0.2430412,41.599762,-0.8830898,-0.48080236
2024-09-23 13,39.91178,0.24271813,41.441193,-0.90981615,-0.5448932
2024-09-23 14,39.954105,0.2430259,41.325485,-0.9105238,-0.510984
2024-09-23 15,39.898132,0.24286194,41.265945,-0.8905718,-0.5262054
2024-09-23 16,39.840416,0.24266227,41.17472,-0.88033694,-0.55093795
2024-09-23 17,39.828697,0.24267806,40.9595,-0.89578414,-0.5601122
2024-09-23 18,39.87019,0.24292733,40.603447,-0.9408315,-0.5533591
2024-09-23 19,39.954803,0.24335517,40.147003,-1.0162555,-0.53875655
2024-09-23 20,40.071045,0.24392174,39.690353,-1.0986006,-0.508622
2024-09-23 21,40.170853,0.24437693,39.390522,-1.1563681,-0.47834212
2024-09-23 22,40.206837,0.24452183,39.40644,-1.1394107,-0.44478828
2024-09-23 23,40.222725,0.24457021,39.424923,-1.127355,-0.42425433
2024-09-24 00,40.233067,0.2445786,39.448883,-1.1187425,-0.4132627
2024-09-24 01,40.225018,0.24452412,39.506084,-1.1066953,-0.40899143
2024-09-24 02,40.284065,0.24475925,39.326088,-1.1235234,-0.37852868
2024-09-24 03,40.34384,0.24498667,39.145172,-1.1445454,-0.34595305
2024-09-24 04,40.43387,0.24532808,38.890938,-1.182689,-0.29991356
2024-09-24 05,40.549206,0.24577887,38.568714,-1.2315679,-0.23987842
2024-09-24 06,40.692097,0.2463767,38.18533,-1.2863667,-0.1560266
2024-09-24 07,40.83903,0.24699521,37.770977,-1.3498645,-0.07165415
2024-09-24 08,41.01821,0.24776462,37.327824,-1.4420561,0.009810082
2024-09-24 09,41.14228,0.24829227,37.17583,-1.446138,0.096305795
2024-09-24 10,41.196278,0.24849996,37.152637,-1.402644,0.1534958
2024-09-24 11,41.154346,0.2482524,37.24946,-1.3106077,0.15140368
2024-09-24 12,41.018574,0.24755384,37.431828,-1.1976442,0.093875095
2024-09-24 13,40.86448,0.24677002,37.577717,-1.1405758,-0.009224244
2024-09-24 14,40.79003,0.24642213,37.652245,-1.1023114,-0.05960448
2024-09-24 15,40.716953,0.24606517,37.8112,-1.0376141,-0.089725465
2024-09-24 16,40.62637,0.2456303,37.99637,-0.9797344,-0.13313861
2024-09-24 17,40.565926,0.2453467,38.13908,-0.94297165,-0.15659435
2024-09-24 18,40.52799,0.24515767,38.240337,-0.92553955,-0.1724777
2024-09-24 19,40.511036,0.24507485,38.2972,-0.9238999,-0.18110172
2024-09-24 20,40.502754,0.24502645,38.340862,-0.92115563,-0.18472861
2024-09-24 21,40.49159,0.24495791,38.374573,-0.9188256,-0.1921229
2024-09-24 22,40.478573,0.2448785,38.41794,-0.91445893,-0.2020046
