time,temperature_2m (°C),relative_humidity_2m (%),dew_point_2m (°C),apparent_temperature (°C),precipitation (mm),rain (mm),snowfall (cm),snow_depth (m),weather_code (wmo code),pressure_msl (hPa),surface_pressure (hPa),cloud_cover (%),cloud_cover_low (%),cloud_cover_mid (%),cloud_cover_high (%),et0_fao_evapotranspiration (mm),vapour_pressure_deficit (kPa),wind_speed_10m (km/h),wind_speed_100m (km/h),wind_direction_10m (°),wind_direction_100m (°),wind_gusts_10m (km/h),soil_temperature_0_to_7cm (°C),soil_temperature_7_to_28cm (°C),soil_temperature_28_to_100cm (°C),soil_temperature_100_to_255cm (°C),soil_moisture_0_to_7cm (m³/m³),soil_moisture_7_to_28cm (m³/m³),soil_moisture_28_to_100cm (m³/m³),soil_moisture_100_to_255cm (m³/m³)
2024-07-18T00:00,17.3,77,13.1,17.2,0.00,0.00,0.00,0.00,1,1021.3,1016.1,30,2,0,93,0.01,0.46,7.3,20.1,57,61,13.3,19.2,20.4,17.5,14.3,0.208,0.197,0.241,0.331
2024-07-18T01:00,16.5,82,13.3,16.6,0.00,0.00,0.00,NaN,0,1021.0,1015.8,2,0,0,8,0.00,0.34,6.6,18.6,61,68,11.5,18.5,20.3,17.5,14.3,0.208,0.197,0.241,0.331
2024-07-18T02:00,15.8,86,13.5,15.8,0.00,0.00,0.00,NaN,1,1020.9,1015.7,30,0,0,100,0.00,0.25,7.9,11.9,60,87,11.5,17.6,20.3,17.6,14.3,0.205,0.196,0.239,0.331
2024-07-18T03:00,15.1,90,13.5,14.9,0.00,0.00,0.00,NaN,1,1020.7,1015.5,30,0,0,100,0.00,0.16,8.5,12.2,62,88,10.1,17.2,20.1,17.6,14.3,0.205,0.196,0.239,0.331
2024-07-18T04:00,14.7,92,13.5,14.6,0.00,0.00,0.00,NaN,1,1020.5,1015.3,21,0,0,69,0.00,0.13,8.1,13.0,58,88,10.4,16.9,19.9,17.6,14.3,0.205,0.196,0.239,0.331
2024-07-18T05:00,15.3,89,13.5,15.4,0.00,0.00,0.00,NaN,1,1020.7,1015.5,31,0,3,98,0.00,0.19,7.0,12.1,78,100,10.8,16.5,19.7,17.6,14.3,0.204,0.196,0.239,0.331
2024-07-18T06:00,16.1,87,13.8,16.7,0.00,0.00,0.00,NaN,1,1020.9,1015.7,37,0,11,100,0.01,0.25,3.9,8.9,68,111,8.6,16.3,19.5,17.6,14.3,0.204,0.196,0.239,0.331
2024-07-18T07:00,17.3,84,14.6,18.2,0.00,0.00,0.00,NaN,1,1021.0,1015.9,39,0,15,99,0.06,0.31,4.2,9.1,59,99,9.4,17.1,19.3,17.6,14.3,0.204,0.196,0.239,0.331
2024-07-18T08:00,19.5,76,15.2,20.9,0.00,0.00,0.00,NaN,1,1021.1,1016.0,35,0,9,99,0.15,0.53,2.3,7.9,72,106,10.8,18.4,19.2,17.6,14.3,0.204,0.196,0.239,0.331
2024-07-18T09:00,22.1,68,15.8,23.6,0.00,0.00,0.00,NaN,1,1021.1,1016.0,32,0,4,100,0.26,0.86,3.3,4.7,84,94,12.2,20.1,19.2,17.6,14.3,0.203,0.195,0.239,0.331
2024-07-18T10:00,24.3,57,15.2,25.2,0.00,0.00,0.00,NaN,1,1020.8,1015.8,23,0,1,74,0.37,1.32,5.8,7.6,94,98,16.6,21.8,19.2,17.6,14.3,0.202,0.195,0.239,0.331
2024-07-18T11:00,25.7,49,14.1,27.3,0.00,0.00,0.00,NaN,0,1020.7,1015.7,19,0,0,64,0.49,1.70,5.5,7.1,101,105,16.9,23.6,19.4,17.6,14.3,0.200,0.195,0.239,0.331
2024-07-18T12:00,26.6,46,14.2,28.8,0.00,0.00,0.00,NaN,0,1020.5,1015.5,10,0,0,33,0.56,1.86,5.1,6.3,98,103,17.3,25.3,19.6,17.6,14.3,0.197,0.194,0.238,0.331
2024-07-18T13:00,27.3,45,14.4,29.9,0.00,0.00,0.00,NaN,1,1020.2,1015.2,20,1,2,61,0.60,1.98,5.1,6.2,94,97,16.9,26.6,19.9,17.6,14.3,0.195,0.194,0.238,0.331
2024-07-18T14:00,28.2,43,14.4,29.7,0.00,0.00,0.00,NaN,2,1019.8,1014.8,50,0,41,86,0.53,2.18,6.2,7.6,80,85,17.3,27.4,20.3,17.6,14.3,0.191,0.192,0.236,0.331
2024-07-18T15:00,28.7,42,14.4,30.4,0.00,0.00,0.00,NaN,0,1019.3,1014.4,7,0,0,23,0.54,2.29,6.1,7.6,90,93,17.6,28.1,20.7,17.6,14.3,0.189,0.192,0.236,0.331
2024-07-18T16:00,29.0,41,14.3,30.5,0.00,0.00,0.00,NaN,1,1019.1,1014.2,49,0,33,98,0.52,2.37,5.7,7.3,108,110,16.9,28.6,21.0,17.6,14.3,0.186,0.191,0.236,0.331
2024-07-18T17:00,28.9,41,14.3,29.4,0.00,0.00,0.00,NaN,1,1018.9,1014.0,37,4,6,100,0.40,2.35,6.1,7.7,130,131,16.2,28.5,21.3,17.6,14.3,0.185,0.191,0.236,0.331
2024-07-18T18:00,28.4,41,14.1,28.8,0.00,0.00,0.00,NaN,1,1018.7,1013.8,37,8,2,94,0.29,2.27,6.6,8.4,139,137,15.1,27.9,21.6,17.6,14.3,0.183,0.191,0.236,0.331
2024-07-18T19:00,27.4,50,16.1,28.6,0.00,0.00,0.00,NaN,0,1018.7,1013.7,16,0,0,52,0.17,1.82,5.5,11.6,148,150,13.7,27.0,21.9,17.7,14.3,0.183,0.190,0.236,0.331
2024-07-18T20:00,25.1,61,17.0,26.7,0.00,0.00,0.00,NaN,1,1018.7,1013.7,22,0,0,72,0.09,1.26,6.2,12.2,173,166,10.1,25.9,22.0,17.7,14.3,0.182,0.190,0.236,0.331
2024-07-18T21:00,23.4,58,14.8,23.8,0.00,0.00,0.00,NaN,1,1018.9,1013.9,30,0,0,100,0.06,1.19,8.0,10.0,172,167,11.2,24.3,22.1,17.7,14.3,0.182,0.190,0.236,0.331
2024-07-18T22:00,23.3,57,14.4,23.8,0.00,0.00,0.00,NaN,1,1019.1,1014.1,30,0,0,99,0.03,1.22,6.4,8.1,137,148,9.4,23.0,22.1,17.7,14.3,0.182,0.190,0.236,0.331
2024-07-18T23:00,21.4,68,15.2,22.1,0.00,0.00,0.00,NaN,1,1019.2,1014.1,31,0,1,100,0.02,0.81,7.0,8.7,102,120,8.3,22.0,22.0,17.7,14.3,0.182,0.190,0.236,0.331
2024-07-19T00:00,21.6,68,15.5,22.6,0.00,0.00,0.00,NaN,1,1019.2,1014.1,31,0,1,100,0.02,0.81,5.8,7.5,86,107,8.3,21.2,21.9,17.7,14.3,0.182,0.190,0.236,0.331
2024-07-19T01:00,21.0,72,15.7,22.3,0.00,0.00,0.00,NaN,1,1019.1,1014.0,42,0,20,100,0.00,0.70,4.3,7.8,156,112,6.8,20.4,21.8,17.8,14.3,0.182,0.190,0.236,0.331
2024-07-19T02:00,18.9,78,15.0,19.5,0.00,0.00,0.00,NaN,2,1018.8,1013.7,60,0,50,100,0.01,0.48,7.5,13.4,73,95,10.8,19.9,21.6,17.8,14.3,0.176,0.187,0.231,0.331
2024-07-19T03:00,17.9,82,14.7,18.3,0.00,0.00,0.00,NaN,1,1018.4,1013.3,32,0,4,100,0.01,0.38,8.4,14.5,83,97,10.4,19.5,21.5,17.8,14.3,0.176,0.187,0.231,0.331
2024-07-19T04:00,18.0,81,14.6,18.3,0.00,0.00,0.00,NaN,1,1018.2,1013.1,32,0,4,99,0.01,0.40,7.9,12.7,106,105,11.2,19.0,21.3,17.8,14.3,0.176,0.187,0.231,0.331
2024-07-19T05:00,17.8,81,14.6,18.3,0.00,0.00,0.00,NaN,1,1018.1,1013.0,33,0,5,100,0.00,0.38,6.9,11.4,133,118,9.4,18.6,21.1,17.8,14.3,0.176,0.187,0.231,0.331
2024-07-19T06:00,18.1,85,15.5,19.3,0.00,0.00,0.00,NaN,1,1018.0,1012.9,42,0,20,100,0.02,0.32,4.2,11.0,160,139,9.4,18.6,20.9,17.8,14.3,0.176,0.187,0.231,0.331
2024-07-19T07:00,19.9,78,15.9,21.3,0.00,0.00,0.00,NaN,3,1018.0,1012.9,84,0,90,100,0.06,0.52,4.3,10.0,156,150,9.0,19.2,20.8,17.8,14.3,0.176,0.187,0.231,0.331
2024-07-19T08:00,21.9,73,16.7,23.8,0.00,0.00,0.00,NaN,3,1017.9,1012.8,89,0,99,100,0.13,0.72,3.1,10.3,135,151,9.7,20.3,20.7,17.8,14.3,0.175,0.187,0.231,0.331
2024-07-19T09:00,23.9,66,17.1,25.7,0.00,0.00,0.00,NaN,2,1017.8,1012.8,67,0,62,98,0.21,1.01,4.4,7.2,145,153,12.2,21.6,20.6,17.8,14.3,0.175,0.187,0.231,0.331
2024-07-19T10:00,25.8,59,17.3,27.6,0.00,0.00,0.00,NaN,1,1017.7,1012.7,30,0,8,84,0.29,1.34,5.2,6.8,146,148,14.4,23.0,20.7,17.8,14.3,0.174,0.186,0.231,0.331
2024-07-19T11:00,27.7,52,17.1,29.8,0.00,0.00,0.00,NaN,1,1017.6,1012.6,44,0,45,56,0.42,1.77,4.0,5.2,153,155,14.4,24.8,20.8,17.8,14.4,0.173,0.186,0.231,0.331
2024-07-19T12:00,29.0,47,16.5,31.2,0.00,0.00,0.00,NaN,0,1017.4,1012.5,4,0,4,4,0.50,2.12,5.3,6.3,152,156,15.8,26.4,21.0,17.8,14.4,0.171,0.186,0.230,0.331
2024-07-19T13:00,30.4,38,14.6,33.2,0.00,0.00,0.00,NaN,0,1016.9,1012.0,15,0,20,11,0.64,2.69,4.8,6.0,153,155,16.6,28.2,21.3,17.9,14.4,0.169,0.185,0.230,0.331
2024-07-19T14:00,31.2,36,14.3,33.4,0.00,0.00,0.00,NaN,1,1016.1,1011.2,32,0,6,94,0.51,2.92,1.1,1.5,162,166,12.6,29.4,21.5,17.9,14.4,0.165,0.183,0.228,0.331
2024-07-19T15:00,31.8,34,14.0,34.5,0.10,0.10,0.00,NaN,51,1015.6,1010.7,39,0,48,35,0.59,3.11,2.3,2.9,231,210,11.9,30.5,21.9,17.9,14.4,0.164,0.183,0.227,0.331
2024-07-19T16:00,31.7,34,13.9,33.0,0.00,0.00,0.00,NaN,0,1015.0,1010.1,5,0,5,8,0.45,3.09,2.1,2.7,211,203,12.2,30.7,22.3,17.9,14.4,0.162,0.182,0.227,0.331
2024-07-19T17:00,31.7,34,14.0,32.2,0.00,0.00,0.00,NaN,0,1014.6,1009.7,18,0,23,14,0.43,3.08,5.5,7.3,191,191,13.7,30.7,22.6,17.9,14.4,0.161,0.182,0.227,0.331
2024-07-19T18:00,30.6,38,14.8,31.0,0.10,0.10,0.00,NaN,51,1014.7,1009.8,42,0,42,55,0.34,2.72,8.4,11.0,200,199,16.6,30.1,22.9,17.9,14.4,0.160,0.182,0.227,0.331
2024-07-19T19:00,29.7,47,17.1,31.4,0.00,0.00,0.00,NaN,1,1014.4,1009.5,44,0,23,100,0.19,2.22,5.2,10.8,196,195,16.6,29.2,23.2,17.9,14.4,0.159,0.181,0.227,0.330
2024-07-19T20:00,27.4,60,19.0,30.0,0.00,0.00,0.00,NaN,1,1014.0,1009.1,32,0,14,80,0.09,1.45,5.2,11.6,192,202,9.4,28.0,23.3,18.0,14.4,0.159,0.181,0.227,0.330
2024-07-19T21:00,24.8,67,18.4,27.0,0.00,0.00,0.00,NaN,0,1014.2,1009.2,14,3,15,6,0.04,1.02,6.1,11.7,177,191,9.4,26.6,23.4,18.0,14.4,0.159,0.181,0.227,0.330
2024-07-19T22:00,23.9,72,18.5,26.1,0.00,0.00,0.00,NaN,0,1014.1,1009.1,8,5,6,0,0.02,0.83,6.5,15.5,177,181,9.7,25.4,23.5,18.0,14.4,0.159,0.181,0.227,0.330
2024-07-19T23:00,23.4,73,18.3,25.3,0.00,0.00,0.00,NaN,0,1013.7,1008.7,1,0,1,0,0.02,0.78,8.3,21.3,185,192,13.7,24.5,23.5,18.0,14.4,0.159,0.181,0.227,0.330
2024-07-20T00:00,22.8,74,18.0,24.5,0.00,0.00,0.00,NaN,0,1013.2,1008.2,0,0,0,0,0.02,0.72,8.2,20.4,209,224,14.4,23.7,23.4,18.0,14.4,0.159,0.181,0.227,0.330
2024-07-20T01:00,21.9,78,17.8,23.4,0.00,0.00,0.00,NaN,0,1013.0,1008.0,0,0,0,0,0.02,0.58,9.0,19.4,254,271,15.1,23.1,23.3,18.1,14.4,0.159,0.181,0.227,0.330
2024-07-20T02:00,20.5,80,16.9,21.1,0.00,0.00,0.00,NaN,0,1012.6,1007.5,0,0,0,0,0.02,0.49,12.7,23.4,295,304,22.3,23.0,23.3,18.1,14.4,0.146,0.176,0.220,0.330
2024-07-20T03:00,19.7,79,15.9,19.9,0.00,0.00,0.00,NaN,0,1012.3,1007.2,0,0,0,0,0.02,0.48,12.1,22.7,300,306,22.0,22.3,23.2,18.1,14.4,0.146,0.176,0.220,0.330
2024-07-20T04:00,19.2,78,15.2,19.4,0.00,0.00,0.00,NaN,0,1011.9,1006.8,0,0,0,0,0.02,0.49,10.6,20.9,305,311,20.2,21.7,23.1,18.1,14.4,0.146,0.176,0.220,0.330
2024-07-20T05:00,18.7,78,14.8,18.9,0.00,0.00,0.00,NaN,0,1011.8,1006.7,4,0,0,14,0.02,0.48,9.7,20.6,309,314,17.6,21.1,22.9,18.1,14.4,0.146,0.176,0.220,0.330
2024-07-20T06:00,18.7,78,14.7,18.7,0.00,0.00,0.00,NaN,0,1011.8,1006.7,7,0,0,23,0.04,0.48,10.8,19.9,307,315,17.6,20.8,22.8,18.1,14.4,0.146,0.176,0.220,0.330
2024-07-20T07:00,19.7,74,14.9,19.9,0.00,0.00,0.00,NaN,0,1011.7,1006.6,20,0,0,65,0.08,0.60,9.2,15.6,315,320,18.4,21.0,22.6,18.2,14.4,0.146,0.176,0.220,0.330
2024-07-20T08:00,21.2,68,14.9,21.8,0.00,0.00,0.00,NaN,1,1011.5,1006.5,29,0,0,98,0.17,0.82,7.2,10.1,323,325,18.4,21.8,22.5,18.2,14.4,0.145,0.176,0.220,0.330
2024-07-20T09:00,23.1,60,14.9,23.9,0.00,0.00,0.00,NaN,1,1011.1,1006.1,30,0,0,99,0.28,1.12,5.7,7.3,325,327,17.3,23.2,22.4,18.2,14.4,0.145,0.176,0.220,0.330
2024-07-20T10:00,24.9,54,14.8,25.9,0.00,0.00,0.00,NaN,1,1010.7,1005.7,30,0,0,100,0.38,1.46,4.0,4.8,333,333,16.6,24.8,22.4,18.2,14.4,0.144,0.175,0.220,0.330
2024-07-20T11:00,26.6,49,14.9,28.7,0.00,0.00,0.00,NaN,1,1010.1,1005.2,30,0,0,100,0.46,1.78,2.3,2.6,18,16,15.1,26.6,22.5,18.2,14.4,0.143,0.175,0.220,0.330
2024-07-20T12:00,27.9,47,15.5,31.1,0.00,0.00,0.00,NaN,1,1009.4,1004.5,30,0,0,100,0.52,1.99,0.0,0.4,180,180,13.3,28.3,22.7,18.2,14.4,0.142,0.175,0.219,0.330
2024-07-20T13:00,28.9,45,15.6,31.6,0.00,0.00,0.00,NaN,1,1008.8,1003.9,30,0,0,100,0.57,2.20,4.4,5.5,215,212,15.8,29.7,22.9,18.2,14.4,0.141,0.174,0.219,0.330
2024-07-20T14:00,29.6,44,16.0,31.1,0.00,0.00,0.00,NaN,1,1008.2,1003.3,31,0,40,22,0.53,2.32,9.2,11.9,211,209,22.3,30.6,23.2,18.3,14.4,0.137,0.172,0.216,0.330
2024-07-20T15:00,29.8,43,16.0,30.6,0.00,0.00,0.00,NaN,1,1007.4,1002.5,25,0,41,0,0.47,2.38,9.7,12.6,211,211,22.7,30.9,23.5,18.3,14.4,0.136,0.171,0.216,0.330
2024-07-20T16:00,30.2,42,15.9,30.6,0.00,0.00,0.00,NaN,1,1006.7,1001.8,26,0,37,11,0.48,2.49,12.0,15.3,221,221,25.6,31.1,23.7,18.3,14.4,0.135,0.171,0.216,0.330
2024-07-20T17:00,29.8,42,15.7,30.4,0.30,0.30,0.00,NaN,51,1006.4,1001.5,21,0,24,21,0.42,2.42,8.9,11.7,223,225,28.4,30.8,24.0,18.3,14.4,0.137,0.171,0.216,0.330
2024-07-20T18:00,29.1,44,15.5,29.3,0.10,0.10,0.00,NaN,51,1006.1,1001.2,44,2,20,100,0.31,2.26,11.3,14.7,239,239,22.0,30.2,24.2,18.3,14.4,0.137,0.171,0.216,0.330
2024-07-20T19:00,28.2,47,15.9,29.1,0.00,0.00,0.00,NaN,1,1005.9,1001.0,43,0,21,100,0.18,2.01,7.2,10.8,270,266,21.6,29.2,24.4,18.3,14.4,0.137,0.170,0.216,0.330
2024-07-20T20:00,26.6,55,16.7,27.4,0.10,0.10,0.00,NaN,51,1005.7,1000.8,50,1,31,100,0.13,1.58,10.3,18.3,306,306,15.8,28.1,24.5,18.4,14.4,0.137,0.170,0.216,0.330
2024-07-20T21:00,23.1,72,17.9,24.3,4.70,4.70,0.00,NaN,63,1006.6,1001.6,68,13,44,100,0.06,0.78,11.5,19.0,266,285,24.1,26.6,24.5,18.4,14.4,0.198,0.170,0.216,0.330
2024-07-20T22:00,21.2,89,19.4,24.3,3.60,3.60,0.00,NaN,63,1007.3,1002.3,30,0,0,100,0.00,0.27,3.6,0.7,90,90,23.8,24.7,24.4,18.4,14.5,0.247,0.170,0.216,0.330
2024-07-20T23:00,20.1,95,19.2,22.3,4.80,4.80,0.00,NaN,63,1008.2,1003.2,61,18,25,100,0.00,0.12,8.6,12.3,202,195,15.1,23.3,24.3,18.4,14.5,0.313,0.171,0.216,0.330
2024-07-21T00:00,19.8,97,19.3,21.9,0.20,0.20,0.00,NaN,51,1007.2,1002.2,37,6,2,100,0.00,0.07,10.2,18.1,247,247,16.6,22.4,24.1,18.4,14.5,0.313,0.171,0.216,0.330
2024-07-21T01:00,19.8,95,18.9,22.0,0.10,0.10,0.00,NaN,51,1007.5,1002.5,41,0,18,100,0.00,0.13,7.1,17.7,255,258,16.6,21.7,23.9,18.5,14.5,0.312,0.172,0.216,0.330
2024-07-21T02:00,20.7,91,19.1,23.1,0.20,0.20,0.00,NaN,51,1007.4,1002.4,62,2,51,100,0.00,0.22,7.1,13.1,240,238,11.2,22.2,24.0,18.5,14.5,0.138,0.169,0.215,0.330
2024-07-21T03:00,19.8,94,18.8,21.2,0.10,0.10,0.00,NaN,51,1007.5,1002.5,45,2,22,100,0.00,0.15,12.6,22.0,267,267,20.9,21.6,23.8,18.5,14.5,0.139,0.169,0.215,0.330
2024-07-21T04:00,19.2,95,18.3,20.6,0.00,0.00,0.00,NaN,2,1007.4,1002.4,51,0,35,100,0.00,0.11,11.1,19.5,283,289,24.5,21.0,23.6,18.5,14.5,0.139,0.169,0.215,0.330
2024-07-21T05:00,18.6,94,17.6,19.5,0.00,0.00,0.00,NaN,2,1007.5,1002.4,51,8,23,100,0.00,0.14,12.5,22.1,309,307,26.6,20.5,23.4,18.5,14.5,0.140,0.169,0.215,0.330
2024-07-21T06:00,18.7,94,17.6,19.4,0.00,0.00,0.00,NaN,1,1007.4,1002.3,33,0,5,100,0.02,0.14,13.6,23.8,302,305,23.4,20.1,23.2,18.6,14.5,0.140,0.169,0.215,0.330
2024-07-21T07:00,19.1,92,17.8,19.9,0.00,0.00,0.00,NaN,1,1008.0,1002.9,38,9,0,100,0.05,0.17,14.0,21.1,314,313,26.3,20.1,23.0,18.6,14.5,0.140,0.169,0.215,0.330
2024-07-21T08:00,19.8,87,17.6,20.8,0.00,0.00,0.00,NaN,2,1009.2,1004.2,66,32,12,100,0.11,0.30,11.8,15.8,329,330,25.6,20.6,22.8,18.6,14.5,0.140,0.169,0.215,0.330
2024-07-21T09:00,21.3,76,16.9,22.0,0.10,0.10,0.00,NaN,51,1010.0,1005.0,94,58,20,99,0.20,0.60,11.9,15.5,335,335,24.8,21.6,22.6,18.6,14.5,0.141,0.169,0.215,0.330
2024-07-21T10:00,22.2,72,16.9,22.9,0.10,0.10,0.00,NaN,51,1010.1,1005.1,94,96,13,1,0.26,0.75,11.8,15.0,333,333,26.3,22.6,22.6,18.6,14.5,0.141,0.169,0.215,0.330
2024-07-21T11:00,23.1,67,16.7,23.9,0.10,0.10,0.00,NaN,51,1010.2,1005.2,58,51,21,0,0.27,0.93,10.7,13.6,327,328,25.6,23.6,22.5,18.6,14.5,0.142,0.169,0.215,0.330
2024-07-21T12:00,24.1,64,16.9,24.8,0.20,0.20,0.00,NaN,51,1010.5,1005.5,84,27,100,0,0.40,1.08,13.4,17.0,306,306,28.8,25.0,22.6,18.6,14.5,0.143,0.169,0.215,0.330
2024-07-21T13:00,24.0,65,16.9,24.2,0.10,0.10,0.00,NaN,51,1010.9,1005.9,67,9,98,0,0.33,1.06,15.1,19.6,295,296,31.3,25.4,22.6,18.6,14.5,0.143,0.169,0.215,0.330
2024-07-21T14:00,22.5,74,17.5,24.0,0.10,0.10,0.00,NaN,51,1011.4,1006.4,59,8,86,0,0.18,0.72,8.3,10.9,360,354,25.9,24.0,22.7,18.6,14.5,0.166,0.169,0.215,0.330
2024-07-21T15:00,24.0,65,16.9,25.2,0.10,0.10,0.00,NaN,51,1011.7,1006.7,26,13,24,0,0.33,1.06,8.0,10.6,333,332,19.8,24.8,22.7,18.7,14.5,0.167,0.169,0.215,0.330
2024-07-21T16:00,25.3,58,16.5,26.1,0.00,0.00,0.00,NaN,2,1012.3,1007.3,77,59,22,37,0.42,1.35,11.7,15.0,313,312,25.9,25.9,22.8,18.7,14.5,0.166,0.169,0.215,0.330
2024-07-21T17:00,24.4,59,15.9,23.8,0.10,0.10,0.00,NaN,51,1012.7,1007.7,56,15,22,99,0.35,1.25,17.4,22.7,310,311,33.8,26.2,22.9,18.7,14.5,0.166,0.169,0.215,0.330
2024-07-21T18:00,23.6,61,15.6,22.6,0.10,0.10,0.00,NaN,51,1013.2,1008.2,46,17,2,98,0.26,1.15,19.7,26.9,308,309,36.7,25.8,23.0,18.7,14.5,0.166,0.168,0.215,0.330
2024-07-21T19:00,22.2,62,14.6,20.9,0.00,0.00,0.00,NaN,1,1013.8,1008.8,35,5,1,100,0.18,1.01,19.2,27.4,308,309,37.8,25.0,23.0,18.7,14.5,0.166,0.168,0.215,0.330
2024-07-21T20:00,21.1,65,14.2,20.1,0.00,0.00,0.00,NaN,1,1014.5,1009.4,34,5,0,98,0.11,0.88,15.9,24.1,308,309,35.3,24.1,23.0,18.7,14.5,0.165,0.168,0.215,0.330
2024-07-21T21:00,20.2,67,13.9,19.4,0.00,0.00,0.00,NaN,1,1015.5,1010.4,45,10,60,1,0.08,0.78,14.1,23.3,308,308,28.1,23.2,23.0,18.7,14.5,0.165,0.168,0.215,0.330
2024-07-21T22:00,19.2,71,13.8,18.1,0.00,0.00,0.00,NaN,3,1016.2,1011.1,92,86,24,0,0.05,0.64,16.0,26.2,314,314,27.7,22.3,22.9,18.7,14.5,0.165,0.168,0.215,0.330
2024-07-21T23:00,18.3,74,13.5,17.0,0.00,0.00,0.00,NaN,3,1017.0,1011.9,100,100,26,1,0.04,0.55,16.6,26.0,319,318,30.6,21.6,22.8,18.8,14.5,0.165,0.168,0.215,0.330
2024-07-22T00:00,18.0,72,12.9,16.8,0.00,0.00,0.00,NaN,3,1017.6,1012.5,100,100,17,0,0.04,0.57,14.5,21.1,316,316,29.5,21.1,22.6,18.8,14.5,0.165,0.168,0.215,0.330
2024-07-22T01:00,17.4,74,12.8,16.5,0.00,0.00,0.00,NaN,1,1018.1,1013.0,27,4,39,0,0.03,0.51,12.2,18.4,313,312,25.9,20.6,22.5,18.8,14.5,0.164,0.168,0.215,0.330
2024-07-22T02:00,17.1,74,12.4,16.3,0.00,0.00,0.00,NaN,3,1018.4,1013.3,100,100,26,0,0.02,0.51,10.5,15.6,301,299,24.1,20.1,22.5,18.8,14.5,0.160,0.168,0.215,0.330
2024-07-22T03:00,16.2,78,12.3,16.1,0.00,0.00,0.00,NaN,0,1018.6,1013.4,9,9,1,0,0.00,0.41,5.5,12.7,281,285,18.4,19.5,22.3,18.8,14.5,0.160,0.169,0.215,0.330
2024-07-22T04:00,15.4,81,12.2,15.1,0.00,0.00,0.00,NaN,0,1018.7,1013.5,2,1,0,3,0.00,0.33,6.5,14.4,267,274,10.8,19.0,22.1,18.8,14.5,0.160,0.169,0.215,0.330
2024-07-22T05:00,14.5,83,11.6,13.9,0.00,0.00,0.00,NaN,0,1019.0,1013.8,8,0,0,28,0.00,0.28,6.9,16.2,261,270,12.2,18.3,21.9,18.8,14.5,0.160,0.169,0.215,0.330
2024-07-22T06:00,14.6,81,11.4,13.8,0.00,0.00,0.00,NaN,0,1019.2,1014.0,2,0,0,6,0.02,0.32,8.2,16.1,247,260,13.7,17.9,21.6,18.8,14.6,0.160,0.169,0.215,0.330
2024-07-22T07:00,16.0,75,11.6,15.2,0.00,0.00,0.00,NaN,0,1019.6,1014.4,13,0,0,42,0.07,0.46,8.7,14.1,246,251,16.9,18.2,21.4,18.8,14.6,0.160,0.168,0.215,0.330
2024-07-22T08:00,17.5,69,11.8,16.6,0.00,0.00,0.00,NaN,0,1019.8,1014.7,1,1,0,0,0.16,0.61,9.8,12.8,253,254,21.2,19.1,21.3,18.8,14.6,0.160,0.168,0.215,0.330
2024-07-22T09:00,19.0,61,11.3,17.6,0.00,0.00,0.00,NaN,1,1019.7,1014.6,43,43,0,15,0.26,0.86,12.1,15.5,258,258,25.6,20.4,21.1,18.8,14.6,0.159,0.168,0.215,0.330
2024-07-22T10:00,19.9,57,11.2,18.2,0.00,0.00,0.00,NaN,3,1019.8,1014.7,95,100,0,16,0.30,1.00,14.1,18.3,255,255,29.2,21.4,21.1,18.8,14.6,0.158,0.168,0.215,0.330
2024-07-22T11:00,21.1,56,11.8,19.5,0.00,0.00,0.00,NaN,3,1020.0,1014.9,96,100,0,19,0.31,1.11,14.6,19.1,254,254,30.2,22.3,21.1,18.8,14.6,0.158,0.168,0.215,0.330
2024-07-22T12:00,22.0,55,12.6,20.7,0.00,0.00,0.00,NaN,3,1020.1,1015.0,90,100,0,0,0.33,1.18,14.5,19.0,251,251,30.6,23.1,21.1,18.8,14.6,0.157,0.168,0.215,0.330
2024-07-22T13:00,23.0,53,13.0,21.8,0.00,0.00,0.00,NaN,3,1019.8,1014.8,90,100,0,0,0.35,1.31,14.3,18.9,252,252,29.9,23.9,21.2,18.8,14.6,0.156,0.168,0.215,0.330
2024-07-22T14:00,22.9,56,13.6,22.5,0.00,0.00,0.00,NaN,3,1020.1,1015.1,92,100,4,0,0.28,1.24,11.0,14.1,232,232,24.1,24.3,21.4,18.8,14.6,0.155,0.168,0.215,0.330
2024-07-22T15:00,24.0,53,13.7,23.7,0.00,0.00,0.00,NaN,3,1019.7,1014.7,91,100,2,0,0.31,1.42,10.2,13.3,228,229,23.8,24.8,21.5,18.8,14.6,0.155,0.167,0.215,0.330
2024-07-22T16:00,24.4,52,14.0,24.0,0.00,0.00,0.00,NaN,3,1019.4,1014.4,100,100,22,3,0.27,1.45,11.7,15.5,225,228,23.4,25.0,21.6,18.8,14.6,0.154,0.167,0.215,0.330
2024-07-22T17:00,24.5,53,14.2,23.7,0.00,0.00,0.00,NaN,3,1019.1,1014.1,89,87,17,2,0.26,1.45,14.6,20.0,230,231,27.7,25.0,21.7,18.9,14.6,0.153,0.167,0.215,0.329
2024-07-22T18:00,24.0,57,15.1,23.2,0.00,0.00,0.00,NaN,3,1019.0,1014.0,82,41,33,86,0.21,1.27,17.1,23.8,240,241,31.3,24.7,21.8,18.9,14.6,0.153,0.167,0.215,0.329
2024-07-22T19:00,23.1,61,15.2,22.3,0.00,0.00,0.00,NaN,3,1019.1,1014.1,84,33,67,47,0.17,1.11,17.4,25.7,248,248,33.1,24.3,21.9,18.9,14.6,0.153,0.167,0.215,0.329
2024-07-22T20:00,22.3,64,15.1,21.6,0.00,0.00,0.00,NaN,3,1019.4,1014.3,89,32,100,0,0.12,0.98,16.3,25.0,242,243,31.7,23.7,21.9,18.9,14.6,0.152,0.167,0.215,0.329
2024-07-22T21:00,21.6,66,15.0,21.2,0.00,0.00,0.00,NaN,3,1019.7,1014.6,87,89,12,0,0.09,0.88,14.5,23.5,240,243,28.8,23.0,22.0,18.9,14.6,0.152,0.167,0.215,0.329
2024-07-22T22:00,20.8,71,15.2,20.6,0.00,0.00,0.00,NaN,1,1019.9,1014.8,22,17,7,10,0.04,0.72,13.1,22.6,238,241,25.6,22.4,21.9,18.9,14.6,0.152,0.167,0.215,0.329
2024-07-22T23:00,20.3,73,15.4,20.4,0.00,0.00,0.00,NaN,3,1019.9,1014.8,90,72,1,82,0.03,0.63,11.6,20.9,234,238,23.0,21.8,21.9,18.9,14.6,0.152,0.167,0.215,0.329
2024-07-23T00:00,20.0,75,15.4,20.0,0.00,0.00,0.00,NaN,3,1019.7,1014.6,100,91,31,85,0.03,0.58,12.2,22.5,225,230,20.9,21.3,21.8,18.9,14.6,0.152,0.167,0.215,0.329
2024-07-23T01:00,19.9,76,15.6,19.7,0.10,0.10,0.00,NaN,51,1019.4,1014.3,100,58,93,89,0.03,0.55,13.7,24.0,225,229,24.1,21.0,21.8,18.9,14.6,0.153,0.167,0.215,0.329
2024-07-23T02:00,18.5,86,16.0,18.4,0.20,0.20,0.00,NaN,51,1019.6,1014.5,100,35,72,90,0.01,0.31,14.3,25.5,221,226,24.8,20.0,21.6,18.9,14.6,0.153,0.167,0.214,0.329
2024-07-23T03:00,18.5,88,16.4,18.6,0.00,0.00,0.00,NaN,3,1019.4,1014.3,100,92,43,73,0.01,0.26,14.5,24.8,222,229,25.2,19.7,21.5,18.9,14.6,0.153,0.167,0.214,0.329
2024-07-23T04:00,18.6,89,16.7,18.6,0.00,0.00,0.00,NaN,3,1019.2,1014.1,100,77,56,0,0.01,0.24,16.2,27.4,233,237,28.1,19.5,21.4,18.9,14.6,0.154,0.167,0.214,0.329
2024-07-23T05:00,18.5,90,16.9,18.4,0.10,0.10,0.00,NaN,51,1019.3,1014.2,100,100,98,0,0.01,0.20,17.4,28.4,232,234,30.2,19.4,21.2,18.9,14.6,0.154,0.167,0.214,0.329
2024-07-23T06:00,18.6,91,17.1,18.6,0.10,0.10,0.00,NaN,51,1019.0,1013.9,100,97,75,0,0.03,0.19,16.6,27.0,231,236,30.2,19.4,21.1,18.9,14.6,0.155,0.167,0.214,0.329
2024-07-23T07:00,19.2,88,17.1,19.1,0.00,0.00,0.00,NaN,3,1019.3,1014.2,100,100,58,0,0.05,0.27,17.6,25.6,239,242,33.1,19.5,21.0,18.9,14.6,0.155,0.167,0.214,0.329
2024-07-23T08:00,19.7,87,17.4,19.8,0.20,0.20,0.00,NaN,51,1019.3,1014.2,100,86,78,0,0.09,0.30,17.2,24.0,244,244,33.8,19.9,20.9,18.9,14.6,0.156,0.167,0.214,0.329
2024-07-23T09:00,19.8,87,17.6,20.0,0.40,0.40,0.00,NaN,51,1019.2,1014.1,96,100,10,0,0.10,0.30,17.6,25.3,247,247,32.4,20.2,20.8,18.9,14.6,0.160,0.167,0.214,0.329
2024-07-23T10:00,20.5,82,17.4,20.4,0.70,0.70,0.00,NaN,53,1019.5,1014.4,96,100,10,0,0.18,0.42,19.1,26.4,281,281,36.4,20.7,20.8,18.9,14.6,0.166,0.167,0.214,0.329
2024-07-23T11:00,22.0,72,16.8,21.8,0.10,0.10,0.00,NaN,51,1019.8,1014.7,67,74,0,0,0.31,0.73,17.8,23.8,288,288,36.0,21.8,20.8,18.9,14.6,0.166,0.167,0.214,0.329
2024-07-23T12:00,23.5,61,15.5,22.5,0.00,0.00,0.00,NaN,3,1019.8,1014.8,93,100,0,10,0.42,1.13,22.1,29.8,277,278,42.5,23.1,20.8,18.9,14.6,0.166,0.167,0.214,0.329
2024-07-23T13:00,23.7,55,14.2,21.5,0.00,0.00,0.00,NaN,2,1019.8,1014.8,63,70,0,1,0.38,1.32,24.5,33.6,274,274,46.4,23.8,20.9,18.9,14.6,0.165,0.167,0.214,0.329
2024-07-23T14:00,23.5,56,14.2,22.1,0.00,0.00,0.00,NaN,2,1020.2,1015.2,66,62,0,34,0.45,1.28,22.8,30.8,286,284,44.3,24.1,20.9,18.9,14.7,0.208,0.168,0.215,0.329
2024-07-23T15:00,23.2,54,13.4,21.2,0.00,0.00,0.00,NaN,3,1020.5,1015.5,95,100,0,18,0.44,1.31,23.8,31.6,295,294,45.7,24.6,21.1,18.9,14.7,0.206,0.167,0.215,0.329
2024-07-23T16:00,22.1,60,13.9,20.4,0.00,0.00,0.00,NaN,2,1020.9,1015.8,55,61,0,0,0.33,1.06,20.3,27.1,303,303,45.4,24.6,21.2,18.9,14.7,0.205,0.167,0.215,0.329
2024-07-23T17:00,22.2,57,13.2,20.3,0.00,0.00,0.00,NaN,3,1020.8,1015.7,90,100,0,0,0.32,1.16,20.4,27.6,302,301,38.9,24.5,21.4,18.9,14.7,0.203,0.167,0.215,0.329
2024-07-23T18:00,21.0,61,13.2,19.2,0.00,0.00,0.00,NaN,1,1021.2,1016.1,29,32,0,0,0.20,0.96,19.5,26.9,309,309,39.2,23.8,21.5,18.9,14.7,0.202,0.167,0.215,0.329
2024-07-23T19:00,20.9,58,12.3,19.0,0.00,0.00,0.00,NaN,2,1021.2,1016.1,75,83,0,0,0.18,1.04,17.3,23.7,312,311,36.0,23.2,21.5,18.9,14.7,0.202,0.167,0.215,0.329
2024-07-23T20:00,20.0,58,11.5,18.2,0.00,0.00,0.00,NaN,3,1021.7,1016.6,90,100,0,0,0.12,0.98,15.8,24.0,319,319,32.8,22.4,21.6,18.9,14.7,0.201,0.167,0.215,0.329
2024-07-23T21:00,18.6,63,11.3,17.5,0.00,0.00,0.00,NaN,1,1022.2,1017.1,35,6,0,100,0.06,0.80,10.2,19.9,312,315,28.1,21.4,21.5,18.9,14.7,0.201,0.167,0.215,0.329
2024-07-23T22:00,17.2,70,11.7,16.5,0.00,0.00,0.00,NaN,1,1022.6,1017.4,37,8,0,100,0.02,0.59,8.4,19.2,301,310,17.6,20.4,21.5,18.9,14.7,0.201,0.167,0.215,0.329
2024-07-23T23:00,16.9,73,12.0,16.4,0.00,0.00,0.00,NaN,1,1022.6,1017.4,35,13,0,78,0.02,0.52,7.7,17.5,311,323,15.1,19.7,21.3,18.9,14.7,0.200,0.167,0.215,0.329
2024-07-24T00:00,15.6,82,12.5,15.5,0.00,0.00,0.00,NaN,1,1022.8,1017.6,35,6,0,100,0.00,0.32,6.1,14.5,310,330,13.3,18.9,21.2,19.0,14.7,0.200,0.167,0.215,0.329
2024-07-24T01:00,15.7,84,13.0,15.7,0.00,0.00,0.00,NaN,1,1022.9,1017.7,37,8,0,100,0.00,0.29,6.2,14.1,306,328,11.5,18.5,21.0,19.0,14.7,0.200,0.167,0.215,0.329
2024-07-24T02:00,15.5,87,13.4,15.7,0.00,0.00,0.00,NaN,1,1023.0,1017.8,22,1,0,72,0.00,0.22,5.9,13.2,308,325,10.4,17.8,20.9,18.9,14.7,0.201,0.168,0.216,0.329
2024-07-24T03:00,14.7,93,13.5,14.9,0.00,0.00,0.00,NaN,0,1023.0,1017.8,10,4,0,21,0.00,0.12,6.1,15.2,315,329,10.4,17.4,20.7,18.9,14.7,0.201,0.168,0.216,0.329
2024-07-24T04:00,14.2,95,13.4,14.4,0.00,0.00,0.00,NaN,0,1022.7,1017.5,0,0,0,1,0.00,0.09,6.1,15.0,315,330,10.8,17.1,20.5,18.9,14.7,0.201,0.168,0.216,0.329
2024-07-24T05:00,13.8,96,13.2,14.0,0.00,0.00,0.00,NaN,0,1022.7,1017.5,17,0,0,57,0.00,0.07,5.9,14.3,313,332,10.4,16.7,20.3,18.9,14.7,0.201,0.168,0.216,0.329
2024-07-24T06:00,14.1,96,13.4,14.2,0.00,0.00,0.00,NaN,0,1022.7,1017.5,1,1,0,0,0.01,0.07,6.4,12.6,308,333,10.4,16.5,20.1,18.9,14.7,0.201,0.168,0.216,0.329
2024-07-24T07:00,15.5,89,13.7,16.0,0.00,0.00,0.00,NaN,0,1022.8,1017.6,4,5,0,0,0.05,0.20,4.6,8.5,309,332,11.9,17.1,19.9,18.9,14.7,0.201,0.168,0.216,0.329
2024-07-24T08:00,17.2,81,14.0,18.0,0.00,0.00,0.00,NaN,0,1023.0,1017.8,2,2,0,0,0.14,0.36,3.2,4.0,360,360,12.2,18.2,19.7,18.9,14.7,0.200,0.168,0.216,0.329
2024-07-24T09:00,19.1,74,14.4,19.9,0.00,0.00,0.00,NaN,1,1023.0,1017.9,41,46,0,0,0.25,0.58,4.1,5.1,38,39,14.4,19.7,19.7,18.9,14.7,0.200,0.168,0.216,0.329
2024-07-24T10:00,20.4,67,14.2,21.2,0.00,0.00,0.00,NaN,3,1022.8,1017.7,87,97,0,0,0.30,0.78,3.9,5.0,34,30,14.8,21.2,19.7,18.9,14.7,0.199,0.168,0.216,0.329
2024-07-24T11:00,21.4,62,13.8,21.9,0.00,0.00,0.00,NaN,3,1022.7,1017.6,81,90,0,0,0.29,0.97,4.7,5.7,32,35,15.1,22.2,19.8,18.9,14.7,0.198,0.168,0.216,0.329
2024-07-24T12:00,22.6,57,13.6,23.3,0.00,0.00,0.00,NaN,1,1022.2,1017.1,49,53,0,4,0.39,1.19,4.3,5.4,42,42,15.8,23.5,20.0,18.9,14.7,0.196,0.168,0.216,0.329
2024-07-24T13:00,23.6,51,12.8,24.7,0.00,0.00,0.00,NaN,3,1021.8,1016.8,90,100,0,0,0.45,1.43,3.6,4.3,45,42,15.8,24.8,20.2,18.9,14.7,0.194,0.167,0.215,0.329
2024-07-24T14:00,23.6,51,12.7,24.1,0.00,0.00,0.00,NaN,3,1021.5,1016.5,98,100,3,19,0.40,1.44,3.6,4.3,45,42,16.2,25.3,20.4,18.9,14.7,0.194,0.168,0.215,0.329
2024-07-24T15:00,23.7,50,12.6,24.1,0.00,0.00,0.00,NaN,2,1020.8,1015.8,77,70,21,6,0.28,1.47,2.2,2.5,99,90,14.4,25.4,20.6,18.9,14.7,0.193,0.167,0.215,0.329
2024-07-24T16:00,24.3,48,12.6,25.0,0.00,0.00,0.00,NaN,2,1020.2,1015.2,57,41,33,0,0.31,1.58,0.8,1.3,63,56,11.9,25.8,20.9,18.9,14.7,0.191,0.167,0.215,0.329
2024-07-24T17:00,24.3,46,12.1,24.6,0.00,0.00,0.00,NaN,2,1019.7,1014.7,60,3,96,0,0.22,1.62,1.8,2.1,281,301,9.7,25.6,21.1,18.9,14.7,0.190,0.167,0.215,0.329
2024-07-24T18:00,24.4,45,11.9,24.6,0.00,0.00,0.00,NaN,2,1019.5,1014.5,57,8,72,23,0.21,1.67,2.9,3.3,277,283,10.1,25.4,21.3,18.9,14.7,0.189,0.167,0.215,0.329
2024-07-24T19:00,24.0,47,11.9,24.0,0.00,0.00,0.00,NaN,3,1019.2,1014.2,80,17,58,100,0.13,1.59,4.0,5.1,260,266,9.4,24.8,21.4,18.9,14.7,0.188,0.167,0.215,0.329
2024-07-24T20:00,22.4,61,14.5,23.3,0.00,0.00,0.00,NaN,3,1019.3,1014.2,100,90,97,100,0.06,1.06,3.7,8.3,281,288,8.6,23.8,21.5,18.9,14.7,0.188,0.167,0.215,0.329
2024-07-24T21:00,21.5,68,15.4,22.7,0.00,0.00,0.00,NaN,3,1019.3,1014.2,100,78,5,100,0.04,0.81,4.0,6.5,350,360,5.8,23.0,21.6,18.9,14.8,0.188,0.167,0.215,0.329
2024-07-24T22:00,20.5,67,14.2,21.1,0.00,0.00,0.00,NaN,3,1018.9,1013.8,90,1,99,100,0.02,0.79,5.6,10.3,45,54,7.2,22.2,21.6,18.9,14.8,0.188,0.167,0.215,0.329
2024-07-24T23:00,20.3,61,12.5,20.0,0.00,0.00,0.00,NaN,3,1018.7,1013.6,88,0,100,94,0.03,0.93,7.0,16.3,78,82,10.8,21.4,21.5,18.9,14.8,0.188,0.167,0.215,0.329
2024-07-25T00:00,20.1,59,11.9,19.3,0.00,0.00,0.00,NaN,3,1018.4,1013.3,86,0,100,88,0.05,0.96,9.3,20.3,103,107,15.5,21.0,21.5,18.9,14.8,0.187,0.167,0.215,0.329
2024-07-25T01:00,19.8,62,12.4,19.4,0.00,0.00,0.00,NaN,2,1018.3,1013.2,76,4,96,50,0.03,0.87,7.9,17.3,129,126,15.5,20.6,21.4,18.9,14.8,0.187,0.167,0.215,0.329
2024-07-25T02:00,18.7,76,14.4,19.1,0.00,0.00,0.00,NaN,1,1017.9,1012.8,35,0,58,0,0.01,0.51,7.3,16.8,171,171,12.2,19.4,21.3,19.0,14.8,0.187,0.167,0.216,0.329
2024-07-25T03:00,17.2,85,14.7,18.0,0.00,0.00,0.00,NaN,0,1017.4,1012.3,16,7,16,0,0.00,0.29,5.4,15.0,188,197,12.2,19.0,21.1,19.0,14.8,0.187,0.167,0.216,0.329
2024-07-25T04:00,16.0,91,14.5,16.7,0.00,0.00,0.00,NaN,1,1017.2,1012.0,22,4,28,5,0.00,0.16,5.5,13.9,191,211,9.4,18.5,21.0,19.0,14.8,0.187,0.167,0.216,0.329
2024-07-25T05:00,15.6,92,14.3,16.2,0.00,0.00,0.00,NaN,0,1017.1,1011.9,7,3,4,5,0.00,0.14,5.5,13.7,191,215,8.6,18.1,20.8,19.0,14.8,0.187,0.167,0.216,0.329
2024-07-25T06:00,16.2,89,14.4,16.8,0.00,0.00,0.00,NaN,0,1016.7,1011.6,13,0,0,42,0.01,0.20,5.8,13.7,180,207,9.0,17.8,20.6,19.0,14.8,0.187,0.167,0.216,0.329
2024-07-25T07:00,18.3,82,15.1,19.1,0.00,0.00,0.00,NaN,1,1016.5,1011.4,26,0,2,83,0.06,0.39,6.5,13.9,180,201,13.0,18.4,20.5,19.0,14.8,0.187,0.167,0.216,0.329
2024-07-25T08:00,20.6,73,15.7,21.8,0.00,0.00,0.00,NaN,1,1016.4,1011.3,20,0,0,68,0.16,0.65,5.2,8.6,205,213,13.7,19.6,20.4,19.0,14.8,0.186,0.167,0.216,0.329
2024-07-25T09:00,22.7,64,15.5,23.5,0.00,0.00,0.00,NaN,0,1016.0,1011.0,14,0,0,47,0.27,1.00,7.4,9.7,203,207,18.0,21.2,20.4,19.0,14.8,0.185,0.167,0.216,0.329
2024-07-25T10:00,24.3,54,14.5,24.6,0.00,0.00,0.00,NaN,1,1015.4,1010.4,30,0,0,100,0.38,1.39,9.2,11.9,206,209,22.0,22.9,20.4,18.9,14.8,0.184,0.167,0.216,0.329
2024-07-25T11:00,25.2,51,14.3,25.3,0.00,0.00,0.00,NaN,1,1015.0,1010.0,40,11,1,100,0.43,1.57,10.5,13.4,202,204,23.8,24.2,20.6,18.9,14.8,0.182,0.167,0.216,0.329
2024-07-25T12:00,26.0,48,14.0,26.0,0.00,0.00,0.00,NaN,2,1014.6,1009.6,62,34,3,100,0.45,1.75,10.8,14.0,206,206,24.5,25.3,20.7,18.9,14.8,0.181,0.166,0.216,0.329
2024-07-25T13:00,27.1,43,13.3,27.2,0.00,0.00,0.00,NaN,3,1014.0,1009.1,85,66,39,7,0.53,2.05,12.2,15.6,214,214,27.0,26.4,21.0,18.9,14.8,0.179,0.166,0.216,0.329
2024-07-25T14:00,27.1,45,14.1,26.9,0.00,0.00,0.00,NaN,1,1013.0,1008.1,38,1,14,97,0.49,1.97,13.1,16.9,189,191,28.1,27.2,21.3,19.0,14.8,0.176,0.165,0.215,0.329
2024-07-25T15:00,27.9,43,14.2,28.6,0.00,0.00,0.00,NaN,3,1012.7,1007.8,100,21,92,93,0.54,2.13,11.1,13.9,193,197,28.1,28.0,21.6,19.0,14.8,0.174,0.165,0.215,0.329
2024-07-25T16:00,27.9,42,13.9,27.4,0.00,0.00,0.00,NaN,2,1012.3,1007.4,67,9,48,100,0.38,2.17,12.0,15.8,213,215,25.2,27.8,21.8,19.0,14.8,0.173,0.165,0.215,0.329
2024-07-25T17:00,27.9,42,13.9,27.2,0.00,0.00,0.00,NaN,1,1011.8,1006.9,44,4,18,100,0.37,2.17,13.3,17.7,232,231,26.6,27.8,22.1,19.0,14.8,0.172,0.165,0.215,0.329
2024-07-25T18:00,27.2,44,14.0,26.6,0.00,0.00,0.00,NaN,1,1011.5,1006.6,50,7,22,100,0.26,2.02,12.7,17.6,235,235,26.3,27.2,22.3,19.0,14.8,0.171,0.165,0.215,0.329
2024-07-25T19:00,25.9,52,15.2,26.4,0.00,0.00,0.00,NaN,1,1011.4,1006.4,50,6,24,100,0.13,1.61,8.2,16.1,241,243,23.0,26.2,22.5,19.0,14.8,0.170,0.165,0.214,0.329
2024-07-25T20:00,24.8,55,15.1,25.1,0.00,0.00,0.00,NaN,2,1011.5,1006.5,69,4,59,99,0.11,1.41,9.8,19.6,253,257,16.6,25.4,22.6,19.0,14.8,0.170,0.165,0.214,0.328
2024-07-25T21:00,23.5,56,14.3,23.4,0.00,0.00,0.00,NaN,3,1011.9,1006.9,88,28,56,99,0.09,1.27,10.5,22.7,266,270,17.6,24.4,22.6,19.0,14.8,0.170,0.164,0.214,0.328
2024-07-25T22:00,23.0,61,15.2,23.0,0.00,0.00,0.00,NaN,3,1011.8,1006.8,96,7,100,100,0.06,1.08,12.4,22.4,300,300,20.9,23.8,22.6,19.0,14.8,0.169,0.165,0.215,0.328
2024-07-25T23:00,21.6,78,17.6,23.3,0.30,0.30,0.00,NaN,51,1012.0,1007.0,73,0,73,98,0.01,0.56,7.1,14.8,315,313,20.9,23.0,22.6,19.0,14.8,0.172,0.165,0.215,0.328
2024-07-26T00:00,21.1,84,18.3,23.6,0.00,0.00,0.00,NaN,3,1011.9,1006.9,81,3,100,61,0.00,0.40,4.0,10.4,275,290,11.5,22.5,22.6,19.0,14.8,0.172,0.165,0.215,0.328
2024-07-26T01:00,20.8,88,18.7,23.5,0.00,0.00,0.00,NaN,3,1011.9,1006.9,100,60,100,93,0.00,0.30,4.0,10.7,270,284,7.2,22.0,22.5,19.0,14.8,0.172,0.165,0.215,0.328
2024-07-26T02:00,20.3,91,18.7,22.7,0.50,0.50,0.00,NaN,53,1011.8,1006.7,96,20,81,99,0.00,0.23,5.4,12.5,233,258,10.1,21.4,22.5,19.0,14.8,0.181,0.166,0.217,0.328
2024-07-26T03:00,20.1,92,18.7,22.4,0.40,0.40,0.00,NaN,51,1011.8,1006.7,100,24,96,69,0.00,0.19,6.4,13.5,243,261,10.8,21.0,22.4,19.1,14.8,0.186,0.166,0.217,0.328
2024-07-26T04:00,20.0,94,19.0,22.5,0.10,0.10,0.00,NaN,51,1011.6,1006.5,100,25,94,100,0.00,0.14,6.5,13.8,251,264,11.5,20.7,22.2,19.1,14.8,0.188,0.166,0.217,0.328
2024-07-26T05:00,19.8,95,18.9,22.1,0.60,0.60,0.00,NaN,53,1011.7,1006.6,100,100,94,99,0.00,0.13,7.1,14.4,285,292,11.5,20.5,22.1,19.1,14.9,0.197,0.166,0.217,0.328
2024-07-26T06:00,19.4,94,18.5,21.2,0.40,0.40,0.00,NaN,51,1011.8,1006.7,100,100,59,88,0.02,0.13,9.5,15.0,323,325,16.2,20.3,22.0,19.1,14.9,0.202,0.166,0.217,0.328
2024-07-26T07:00,19.3,92,18.1,21.2,0.40,0.40,0.00,NaN,51,1012.2,1007.1,100,100,88,6,0.03,0.17,7.3,9.9,327,327,16.9,20.2,21.8,19.1,14.9,0.206,0.166,0.217,0.328
2024-07-26T08:00,19.2,90,17.5,20.3,0.20,0.20,0.00,NaN,51,1012.8,1007.7,100,100,27,92,0.06,0.22,10.6,14.4,325,323,20.9,20.2,21.7,19.1,14.9,0.208,0.166,0.217,0.328
2024-07-26T09:00,19.1,87,16.8,20.2,0.20,0.20,0.00,NaN,51,1013.3,1008.2,100,100,68,2,0.09,0.29,8.4,10.9,317,316,21.6,20.2,21.6,19.1,14.9,0.209,0.166,0.217,0.328
2024-07-26T10:00,19.8,81,16.5,20.8,0.00,0.00,0.00,NaN,3,1013.3,1008.2,100,100,13,72,0.16,0.43,8.7,11.5,315,314,19.4,20.8,21.5,19.1,14.9,0.209,0.166,0.217,0.328
2024-07-26T11:00,21.2,73,16.2,22.1,0.00,0.00,0.00,NaN,2,1013.2,1008.2,77,57,32,23,0.25,0.67,8.0,9.8,306,306,21.2,21.8,21.5,19.1,14.9,0.208,0.166,0.217,0.328
2024-07-26T12:00,23.0,66,16.2,24.5,0.00,0.00,0.00,NaN,3,1013.2,1008.2,100,100,67,98,0.40,0.97,7.3,9.1,279,279,20.2,23.5,21.5,19.1,14.9,0.207,0.166,0.217,0.328
2024-07-26T13:00,23.6,61,15.5,24.3,0.00,0.00,0.00,NaN,3,1013.2,1008.2,100,96,82,70,0.28,1.14,7.6,9.7,270,272,20.2,24.0,21.6,19.1,14.9,0.206,0.166,0.217,0.328
2024-07-26T14:00,21.2,74,16.5,23.3,0.00,0.00,0.00,NaN,3,1013.6,1008.6,100,100,11,59,0.14,0.65,1.3,1.3,146,146,9.4,22.2,21.3,19.1,14.9,0.206,0.167,0.217,0.328
2024-07-26T15:00,22.7,69,16.8,24.7,0.00,0.00,0.00,NaN,3,1013.4,1008.4,100,100,47,92,0.31,0.84,2.3,3.1,252,249,11.9,23.5,21.4,19.1,14.9,0.205,0.166,0.217,0.328
2024-07-26T16:00,22.9,68,16.7,24.8,0.00,0.00,0.00,NaN,3,1013.3,1008.3,100,100,21,100,0.20,0.89,3.5,4.7,294,293,12.2,23.9,21.4,19.1,14.9,0.204,0.166,0.217,0.328
2024-07-26T17:00,23.0,68,16.7,24.7,0.00,0.00,0.00,NaN,3,1012.8,1007.8,100,97,93,78,0.16,0.91,4.4,5.7,305,305,13.0,24.0,21.5,19.1,14.9,0.203,0.166,0.217,0.328
2024-07-26T18:00,22.3,70,16.6,24.1,0.20,0.20,0.00,NaN,51,1012.7,1007.7,100,24,100,100,0.10,0.80,3.8,4.8,311,312,12.6,23.6,21.6,19.1,14.9,0.204,0.166,0.217,0.328
2024-07-26T19:00,21.3,78,17.4,23.0,0.60,0.60,0.00,NaN,53,1012.5,1007.5,92,2,100,100,0.06,0.55,6.5,9.2,341,339,15.8,22.8,21.6,19.1,14.9,0.209,0.166,0.217,0.328
2024-07-26T20:00,20.8,84,18.0,23.1,0.10,0.10,0.00,NaN,51,1012.9,1007.9,100,90,100,100,0.03,0.39,4.0,6.8,360,360,11.5,22.1,21.6,19.1,14.9,0.210,0.166,0.217,0.328
2024-07-26T21:00,20.1,89,18.3,22.5,0.30,0.30,0.00,NaN,51,1013.0,1007.9,100,100,100,100,0.02,0.25,4.7,8.8,9,12,9.4,21.4,21.6,19.1,14.9,0.213,0.166,0.217,0.328
2024-07-26T22:00,19.8,94,18.8,22.5,0.60,0.60,0.00,NaN,53,1013.1,1008.0,90,0,100,100,0.00,0.15,4.1,7.6,75,71,7.9,20.9,21.5,19.1,14.9,0.219,0.166,0.217,0.328
2024-07-26T23:00,19.6,95,18.8,22.5,0.40,0.40,0.00,NaN,51,1013.4,1008.3,100,40,100,54,0.00,0.11,2.5,5.0,352,30,7.2,20.5,21.5,19.1,14.9,0.225,0.167,0.217,0.328
2024-07-27T00:00,19.4,95,18.6,22.1,0.10,0.10,0.00,NaN,51,1013.4,1008.3,100,100,87,91,0.00,0.11,3.4,6.1,18,45,5.8,20.2,21.4,19.1,14.9,0.225,0.167,0.217,0.328
2024-07-27T01:00,19.3,95,18.6,21.8,0.00,0.00,0.00,NaN,3,1013.2,1008.1,100,100,97,59,0.00,0.10,4.9,8.6,17,33,7.9,20.0,21.3,19.1,14.9,0.225,0.167,0.217,0.328
2024-07-27T02:00,19.1,96,18.5,21.6,1.80,1.80,0.00,NaN,61,1013.1,1008.0,100,81,99,86,0.00,0.08,3.8,5.3,319,298,6.5,19.7,20.9,19.1,14.9,0.331,0.171,0.217,0.328
2024-07-27T03:00,18.8,96,18.2,21.1,0.30,0.30,0.00,NaN,51,1013.1,1008.0,100,98,88,85,0.00,0.08,5.2,9.2,348,339,9.4,19.5,20.8,19.1,14.9,0.332,0.172,0.217,0.328
2024-07-27T04:00,18.6,97,18.1,21.3,0.10,0.10,0.00,NaN,51,1013.0,1007.9,100,94,100,100,0.00,0.07,1.9,6.6,338,331,9.4,19.4,20.7,19.1,14.9,0.331,0.173,0.217,0.328
2024-07-27T05:00,18.8,94,17.9,21.5,0.90,0.90,0.00,NaN,53,1013.0,1007.9,100,100,100,90,0.00,0.13,1.0,2.6,225,304,4.3,19.3,20.6,19.1,14.9,0.340,0.174,0.217,0.328
2024-07-27T06:00,18.9,94,17.8,21.6,0.30,0.30,0.00,NaN,51,1013.3,1008.2,100,98,98,100,0.02,0.14,0.8,1.5,333,346,2.9,19.3,20.5,19.1,14.9,0.340,0.176,0.217,0.328
2024-07-27T07:00,18.7,95,17.9,20.8,0.10,0.10,0.00,NaN,51,1013.2,1008.1,100,50,44,100,0.03,0.11,5.6,7.6,15,19,10.4,19.3,20.4,19.1,14.9,0.338,0.177,0.218,0.328
2024-07-27T08:00,19.0,92,17.7,20.6,0.10,0.10,0.00,NaN,51,1013.8,1008.7,100,100,92,56,0.08,0.18,8.0,10.1,10,17,17.3,19.7,20.3,19.1,14.9,0.336,0.178,0.218,0.328
2024-07-27T09:00,19.0,90,17.4,20.3,0.00,0.00,0.00,NaN,3,1014.3,1009.2,100,100,100,100,0.09,0.22,9.1,11.7,7,11,18.7,19.9,20.3,19.1,14.9,0.332,0.179,0.218,0.328
2024-07-27T10:00,19.1,88,17.0,20.1,0.30,0.30,0.00,NaN,51,1014.4,1009.3,100,100,100,100,0.10,0.27,10.1,13.3,358,2,20.5,20.0,20.2,19.1,14.9,0.332,0.180,0.218,0.328
2024-07-27T11:00,19.0,87,16.7,19.9,0.50,0.50,0.00,NaN,53,1014.6,1009.5,100,58,100,99,0.10,0.29,9.9,13.4,350,352,21.2,19.9,20.2,19.1,14.9,0.333,0.181,0.218,0.328
2024-07-27T12:00,19.0,86,16.7,20.2,0.40,0.40,0.00,NaN,51,1015.0,1009.9,100,97,100,67,0.11,0.30,8.0,10.5,350,352,19.8,19.9,20.2,19.1,15.0,0.333,0.182,0.218,0.328
2024-07-27T13:00,19.7,82,16.5,20.7,0.20,0.20,0.00,NaN,51,1015.2,1010.1,100,100,100,92,0.17,0.42,9.1,11.7,342,342,19.8,20.4,20.2,19.1,15.0,0.331,0.183,0.218,0.328
2024-07-27T14:00,18.5,81,15.2,19.0,0.40,0.40,0.00,NaN,51,1016.0,1010.9,100,19,100,98,0.14,0.41,8.7,11.1,330,331,18.0,19.1,19.7,19.1,15.0,0.374,0.197,0.217,0.328
2024-07-27T15:00,18.6,81,15.4,19.4,0.20,0.20,0.00,NaN,51,1016.2,1011.1,100,38,100,100,0.12,0.40,7.3,9.6,340,340,18.0,19.2,19.6,19.1,15.0,0.368,0.200,0.217,0.328
2024-07-27T16:00,19.2,78,15.3,19.9,0.00,0.00,0.00,NaN,3,1016.6,1011.5,100,100,100,92,0.13,0.49,7.7,10.1,323,325,16.2,19.4,19.6,19.1,15.0,0.362,0.202,0.217,0.328
2024-07-27T17:00,19.0,81,15.6,19.9,0.90,0.90,0.00,NaN,53,1016.8,1011.7,100,98,100,100,0.08,0.42,6.9,9.4,313,317,18.4,19.3,19.6,19.1,15.0,0.364,0.204,0.217,0.328
2024-07-27T18:00,18.5,86,16.1,19.3,0.90,0.90,0.00,NaN,53,1016.9,1011.8,90,0,100,100,0.07,0.30,8.4,12.5,317,319,18.0,19.1,19.5,19.1,15.0,0.369,0.206,0.217,0.328
2024-07-27T19:00,18.4,88,16.4,19.4,0.10,0.10,0.00,NaN,51,1017.2,1012.1,93,17,80,99,0.07,0.26,8.7,13.8,315,317,17.3,18.9,19.5,19.1,15.0,0.364,0.208,0.217,0.328
2024-07-27T20:00,18.2,89,16.3,19.5,0.00,0.00,0.00,NaN,2,1018.1,1013.0,67,29,21,93,0.04,0.23,5.8,12.4,300,306,15.5,18.7,19.5,19.1,15.0,0.358,0.210,0.217,0.328
2024-07-27T21:00,16.6,93,15.5,17.7,0.00,0.00,0.00,NaN,3,1018.9,1013.8,89,67,0,96,0.01,0.13,5.4,13.8,307,317,10.1,18.1,19.4,19.0,15.0,0.354,0.211,0.217,0.328
2024-07-27T22:00,16.7,91,15.3,17.5,0.00,0.00,0.00,NaN,1,1019.8,1014.6,32,2,0,100,0.00,0.16,6.1,15.3,298,315,10.1,17.7,19.3,19.0,15.0,0.350,0.213,0.217,0.328
2024-07-27T23:00,16.1,89,14.3,16.0,0.00,0.00,0.00,NaN,1,1020.9,1015.7,43,14,0,100,0.00,0.20,10.2,21.4,315,327,16.6,17.2,19.2,19.0,15.0,0.346,0.214,0.217,0.328
2024-07-28T00:00,15.4,88,13.5,15.2,0.00,0.00,0.00,NaN,1,1021.6,1016.4,28,1,0,89,0.00,0.20,9.2,20.5,334,345,18.4,16.7,19.0,19.0,15.0,0.343,0.215,0.217,0.328
2024-07-28T01:00,14.1,91,12.7,13.9,0.00,0.00,0.00,NaN,1,1022.1,1016.9,20,0,0,67,0.00,0.15,7.0,17.6,325,337,15.8,16.1,18.9,19.0,15.0,0.340,0.216,0.217,0.328
2024-07-28T02:00,13.8,91,12.4,13.7,0.00,0.00,0.00,NaN,0,1022.8,1017.6,5,0,0,18,0.00,0.14,6.1,15.9,320,332,15.1,16.2,18.7,19.0,15.0,0.337,0.218,0.218,0.328
2024-07-28T03:00,12.4,94,11.5,11.9,0.00,0.00,0.00,NaN,0,1023.3,1018.1,19,0,0,62,0.00,0.08,6.1,15.0,315,330,10.4,15.5,18.5,19.0,15.0,0.334,0.219,0.218,0.328
2024-07-28T04:00,12.1,95,11.3,11.6,0.00,0.00,0.00,NaN,1,1023.8,1018.5,23,0,0,76,0.00,0.07,6.1,16.0,310,324,10.8,15.0,18.3,19.0,15.0,0.332,0.220,0.218,0.328
2024-07-28T05:00,11.2,96,10.7,10.4,0.00,0.00,0.00,NaN,0,1024.2,1018.9,1,0,0,3,0.00,0.05,7.3,12.6,303,323,10.4,14.5,18.1,19.0,15.0,0.330,0.221,0.218,0.328
2024-07-28T06:00,12.1,96,11.5,11.8,0.00,0.00,0.00,NaN,0,1024.7,1019.4,0,0,0,1,0.00,0.05,5.1,12.7,321,335,10.1,14.3,17.9,19.0,15.0,0.328,0.221,0.218,0.328
2024-07-28T07:00,13.8,93,12.6,14.0,0.00,0.00,0.00,NaN,0,1025.3,1020.1,3,0,0,10,0.04,0.11,3.9,9.0,338,355,10.4,14.8,17.7,18.9,15.0,0.326,0.222,0.218,0.328
2024-07-28T08:00,15.6,87,13.4,16.2,0.00,0.00,0.00,NaN,0,1025.6,1020.4,0,0,0,1,0.13,0.23,3.1,4.8,21,27,11.2,16.0,17.6,18.9,15.0,0.324,0.222,0.218,0.328
2024-07-28T09:00,17.5,79,13.7,18.0,0.00,0.00,0.00,NaN,0,1025.9,1020.7,0,0,0,0,0.23,0.43,4.2,5.8,70,68,14.4,17.5,17.6,18.9,15.0,0.321,0.223,0.218,0.328
2024-07-28T10:00,19.2,73,14.2,20.0,0.00,0.00,0.00,NaN,0,1026.1,1021.0,3,0,0,10,0.34,0.61,5.8,7.2,86,87,17.3,19.2,17.6,18.9,15.0,0.318,0.223,0.218,0.328
2024-07-28T11:00,20.9,65,14.1,22.3,0.00,0.00,0.00,NaN,0,1026.1,1021.0,8,0,0,25,0.43,0.86,6.9,8.7,81,83,19.4,20.7,17.8,18.9,15.0,0.314,0.223,0.218,0.328
2024-07-28T12:00,22.4,57,13.5,23.6,0.00,0.00,0.00,NaN,0,1025.9,1020.8,5,0,0,17,0.51,1.15,10.0,12.6,75,77,23.8,22.1,18.1,18.9,15.0,0.310,0.223,0.217,0.328
2024-07-28T13:00,23.4,52,12.9,24.3,0.00,0.00,0.00,NaN,1,1025.5,1020.4,28,0,0,92,0.55,1.38,11.9,15.1,76,78,26.6,23.2,18.4,18.9,15.0,0.305,0.223,0.217,0.328
2024-07-28T14:00,23.9,51,13.1,24.5,0.00,0.00,0.00,NaN,1,1025.2,1020.1,28,0,0,94,0.53,1.46,12.3,15.7,69,70,28.1,23.9,18.6,18.8,15.0,0.300,0.223,0.217,0.328
2024-07-28T15:00,24.3,49,13.1,24.5,0.00,0.00,0.00,NaN,1,1024.7,1019.7,26,0,0,88,0.51,1.54,13.3,17.1,71,72,27.7,24.4,19.0,18.8,15.0,0.296,0.222,0.217,0.328
2024-07-28T16:00,24.4,50,13.3,24.0,0.00,0.00,0.00,NaN,1,1024.2,1019.2,29,0,0,97,0.45,1.54,14.0,18.3,72,74,28.4,24.5,19.3,18.8,15.0,0.292,0.222,0.217,0.328
2024-07-28T17:00,24.3,50,13.4,23.3,0.00,0.00,0.00,NaN,0,1023.5,1018.5,2,0,0,6,0.39,1.51,14.5,19.2,76,77,28.8,24.4,19.6,18.8,15.0,0.289,0.222,0.217,0.328
2024-07-28T18:00,24.0,52,13.4,23.0,0.00,0.00,0.00,NaN,0,1023.3,1018.3,1,1,0,0,0.31,1.44,13.9,18.9,80,81,28.1,24.0,19.8,18.8,15.0,0.287,0.222,0.217,0.328
2024-07-28T19:00,23.1,57,14.0,22.8,0.00,0.00,0.00,NaN,0,1023.1,1018.0,1,1,0,0,0.19,1.23,11.2,19.1,84,87,25.9,23.3,20.1,18.8,15.0,0.285,0.222,0.217,0.328
2024-07-28T20:00,21.2,65,14.2,21.4,0.00,0.00,0.00,NaN,0,1023.1,1018.0,0,0,0,0,0.08,0.89,8.0,18.7,85,90,19.8,22.3,20.2,18.8,15.0,0.284,0.222,0.217,0.328
2024-07-28T21:00,19.2,72,14.1,19.3,0.00,0.00,0.00,NaN,0,1023.5,1018.4,0,0,0,0,0.04,0.61,8.0,20.0,72,82,13.7,21.1,20.3,18.8,15.1,0.283,0.222,0.217,0.328
2024-07-28T22:00,18.1,78,14.2,18.3,0.00,0.00,0.00,NaN,0,1023.4,1018.3,0,0,0,0,0.01,0.46,7.9,20.3,66,77,13.3,20.1,20.2,18.8,15.1,0.282,0.222,0.217,0.328
2024-07-28T23:00,17.4,81,14.1,17.5,0.00,0.00,0.00,NaN,0,1023.4,1018.2,0,0,0,0,0.01,0.37,8.4,21.3,59,71,13.3,19.3,20.2,18.8,15.1,0.282,0.222,0.217,0.328
2024-07-29T00:00,17.3,79,13.6,16.9,0.00,0.00,0.00,NaN,0,1023.1,1017.9,0,0,0,0,0.02,0.42,10.2,24.4,67,76,16.9,18.7,20.1,18.8,15.1,0.281,0.222,0.217,0.328
2024-07-29T01:00,16.9,79,13.2,16.6,0.00,0.00,0.00,NaN,0,1022.9,1017.7,0,0,0,0,0.01,0.40,8.8,22.9,71,82,16.9,18.2,20.0,18.8,15.1,0.281,0.223,0.217,0.328
2024-07-29T02:00,15.9,84,13.3,15.9,0.00,0.00,0.00,NaN,0,1022.5,1017.3,0,0,0,0,0.00,0.28,7.1,19.4,75,91,15.1,17.3,19.8,18.8,15.1,0.278,0.222,0.216,0.328
2024-07-29T03:00,15.5,85,13.0,15.3,0.00,0.00,0.00,NaN,0,1022.4,1017.2,0,0,0,0,0.00,0.26,8.1,20.4,58,76,13.3,17.0,19.6,18.8,15.1,0.277,0.222,0.216,0.328
2024-07-29T04:00,15.1,86,12.7,14.7,0.00,0.00,0.00,NaN,0,1021.9,1016.7,0,0,0,0,0.00,0.25,8.9,22.7,69,79,15.1,16.7,19.5,18.8,15.1,0.277,0.222,0.216,0.328
2024-07-29T05:00,14.4,89,12.6,14.2,0.00,0.00,0.00,NaN,0,1021.8,1016.6,0,0,0,0,0.00,0.19,6.7,19.5,74,87,15.1,16.5,19.3,18.8,15.1,0.277,0.222,0.216,0.328
2024-07-29T06:00,15.0,86,12.7,14.6,0.00,0.00,0.00,NaN,0,1021.6,1016.4,0,0,0,0,0.02,0.23,8.4,20.6,70,85,14.4,16.3,19.1,18.8,15.1,0.276,0.222,0.216,0.328
2024-07-29T07:00,16.7,82,13.6,16.6,0.00,0.00,0.00,NaN,0,1021.7,1016.5,0,0,0,0,0.06,0.34,8.5,18.1,54,84,14.0,16.8,19.0,18.8,15.1,0.275,0.222,0.216,0.328
2024-07-29T08:00,18.6,74,13.9,18.5,0.00,0.00,0.00,NaN,0,1021.5,1016.4,1,0,2,0,0.15,0.56,9.6,14.5,70,76,20.2,17.8,18.9,18.8,15.1,0.274,0.222,0.216,0.328
2024-07-29T09:00,20.6,69,14.7,20.8,0.00,0.00,0.00,NaN,0,1021.5,1016.4,17,0,28,0,0.25,0.75,9.0,11.9,85,90,20.5,19.2,18.8,18.8,15.1,0.273,0.222,0.216,0.328
2024-07-29T10:00,22.5,65,15.6,22.9,0.00,0.00,0.00,NaN,1,1021.0,1015.9,28,0,47,0,0.33,0.95,10.1,13.7,84,87,22.7,20.7,18.9,18.8,15.1,0.271,0.222,0.216,0.328
2024-07-29T11:00,24.3,62,16.5,25.3,0.00,0.00,0.00,NaN,0,1020.5,1015.5,4,0,6,0,0.41,1.16,10.5,13.3,86,87,23.8,22.2,19.1,18.8,15.1,0.268,0.222,0.216,0.328
2024-07-29T12:00,26.0,59,17.3,28.2,0.00,0.00,0.00,NaN,0,1020.3,1015.3,2,0,3,0,0.52,1.39,11.2,14.5,94,97,25.2,23.7,19.3,18.8,15.1,0.265,0.221,0.216,0.328
2024-07-29T13:00,27.3,56,17.8,30.0,0.00,0.00,0.00,NaN,0,1019.6,1014.6,1,0,1,0,0.57,1.60,11.0,14.4,101,103,25.6,25.1,19.6,18.8,15.1,0.262,0.221,0.216,0.328
2024-07-29T14:00,28.3,48,16.2,29.9,0.00,0.00,0.00,NaN,0,1019.0,1014.0,11,0,19,0,0.57,2.00,11.6,14.9,95,97,24.8,26.3,20.1,18.8,15.1,0.254,0.219,0.214,0.327
2024-07-29T15:00,28.8,47,16.4,30.2,0.00,0.00,0.00,NaN,0,1018.5,1013.6,9,0,14,2,0.54,2.10,11.6,15.0,97,100,24.8,26.9,20.4,18.8,15.1,0.251,0.218,0.214,0.327
2024-07-29T16:00,29.1,46,16.4,30.1,0.00,0.00,0.00,NaN,0,1017.9,1013.0,9,0,6,19,0.50,2.17,11.7,15.5,101,102,24.8,27.2,20.8,18.8,15.1,0.248,0.218,0.214,0.327
2024-07-29T17:00,29.1,47,16.7,29.6,0.00,0.00,0.00,NaN,0,1017.4,1012.5,10,0,3,28,0.44,2.13,12.9,17.1,108,108,25.2,27.2,21.1,18.8,15.1,0.245,0.217,0.214,0.327
2024-07-29T18:00,28.7,51,17.6,29.6,0.00,0.00,0.00,NaN,0,1017.0,1012.1,5,0,4,8,0.33,1.92,12.1,16.9,113,114,24.8,26.9,21.4,18.8,15.1,0.243,0.217,0.213,0.327
2024-07-29T19:00,27.7,59,19.0,29.8,0.00,0.00,0.00,NaN,0,1016.3,1011.4,7,0,1,20,0.20,1.52,9.1,17.6,108,113,22.0,26.3,21.7,18.8,15.1,0.242,0.217,0.213,0.327
2024-07-29T20:00,25.6,68,19.4,28.1,0.00,0.00,0.00,NaN,1,1016.3,1011.3,33,0,5,100,0.08,1.04,7.1,18.2,114,120,16.2,25.3,21.9,18.8,15.1,0.241,0.217,0.213,0.327
2024-07-29T21:00,23.7,76,19.2,26.2,0.00,0.00,0.00,NaN,1,1016.5,1011.5,47,0,28,100,0.04,0.71,6.8,17.7,108,117,11.5,24.2,22.0,18.8,15.1,0.241,0.217,0.213,0.327
2024-07-29T22:00,22.7,80,19.1,25.1,0.00,0.00,0.00,NaN,1,1016.6,1011.6,31,0,1,100,0.01,0.55,6.9,17.2,99,110,10.8,23.3,22.0,18.8,15.1,0.241,0.217,0.213,0.327
2024-07-29T23:00,21.4,85,18.8,23.4,0.00,0.00,0.00,NaN,0,1016.9,1011.8,12,0,0,39,0.01,0.38,8.6,14.6,90,110,10.4,22.5,22.0,18.8,15.1,0.241,0.217,0.213,0.327
2024-07-30T00:00,20.6,87,18.3,22.5,0.00,0.00,0.00,NaN,1,1016.7,1011.6,21,0,0,70,0.00,0.32,7.9,13.4,90,114,11.2,21.7,22.0,18.8,15.1,0.241,0.217,0.214,0.327
2024-07-30T01:00,20.0,88,18.0,21.7,0.00,0.00,0.00,NaN,0,1016.5,1011.4,0,0,0,0,0.00,0.27,7.7,14.0,101,119,10.1,21.2,21.9,18.8,15.1,0.241,0.217,0.214,0.327
2024-07-30T02:00,19.9,88,17.9,21.5,0.00,0.00,0.00,NaN,0,1016.0,1010.9,17,0,29,0,0.00,0.27,8.0,11.6,100,126,10.1,20.7,21.8,18.8,15.1,0.233,0.214,0.209,0.327
2024-07-30T03:00,19.5,89,17.6,21.2,0.00,0.00,0.00,NaN,1,1015.7,1010.6,32,0,54,0,0.00,0.25,6.9,12.0,99,123,9.7,20.4,21.7,18.9,15.1,0.232,0.214,0.209,0.327
2024-07-30T04:00,20.1,86,17.6,22.0,0.00,0.00,0.00,NaN,1,1015.6,1010.5,29,0,49,0,0.00,0.34,5.4,8.9,98,133,9.0,20.2,21.6,18.9,15.1,0.232,0.214,0.209,0.327
2024-07-30T05:00,20.0,86,17.5,22.0,0.00,0.00,0.00,NaN,0,1015.7,1010.6,12,0,20,0,0.00,0.34,4.5,6.9,76,129,6.5,20.0,21.4,18.9,15.1,0.232,0.214,0.209,0.327
2024-07-30T06:00,19.6,89,17.7,21.9,0.00,0.00,0.00,NaN,1,1015.7,1010.6,48,0,80,0,0.01,0.25,2.9,6.2,60,111,5.4,19.9,21.3,18.9,15.1,0.232,0.214,0.210,0.327
2024-07-30T07:00,21.0,84,18.2,23.5,0.00,0.00,0.00,NaN,0,1015.5,1010.4,11,0,17,1,0.04,0.40,3.6,7.4,53,104,10.4,20.3,21.2,18.9,15.1,0.232,0.214,0.210,0.327
2024-07-30T08:00,23.0,79,19.1,26.0,0.00,0.00,0.00,NaN,0,1015.6,1010.6,0,0,0,0,0.14,0.60,2.9,5.1,60,86,10.1,21.4,21.1,18.9,15.1,0.231,0.214,0.210,0.327
2024-07-30T09:00,25.4,73,20.3,28.9,0.00,0.00,0.00,NaN,0,1015.7,1010.7,0,0,0,0,0.27,0.86,3.3,4.3,84,90,12.2,23.0,21.2,18.9,15.2,0.230,0.214,0.209,0.327
2024-07-30T10:00,27.7,67,21.1,31.7,0.00,0.00,0.00,NaN,0,1015.7,1010.8,0,0,0,0,0.39,1.21,3.2,4.3,90,95,13.3,24.7,21.3,18.9,15.2,0.229,0.213,0.209,0.327
2024-07-30T11:00,29.8,60,21.3,34.7,0.00,0.00,0.00,NaN,0,1015.6,1010.7,0,0,0,0,0.50,1.66,3.7,4.4,79,81,14.0,26.5,21.5,18.9,15.2,0.226,0.213,0.209,0.327
2024-07-30T12:00,31.4,55,21.4,36.7,0.00,0.00,0.00,NaN,0,1015.3,1010.4,0,0,0,0,0.58,2.04,4.5,5.5,76,79,15.1,28.1,21.8,18.9,15.2,0.223,0.212,0.209,0.327
2024-07-30T13:00,32.4,53,21.6,38.2,0.00,0.00,0.00,NaN,0,1015.0,1010.1,0,0,0,0,0.62,2.27,4.0,5.0,85,90,15.5,29.5,22.1,18.9,15.2,0.220,0.211,0.209,0.327
2024-07-30T14:00,33.6,48,21.0,39.0,0.00,0.00,0.00,NaN,0,1014.6,1009.8,15,0,14,21,0.63,2.70,4.2,4.9,70,73,18.7,30.6,22.4,18.9,15.2,0.213,0.209,0.208,0.327
2024-07-30T15:00,33.4,48,20.9,38.4,0.00,0.00,0.00,NaN,0,1014.6,1009.8,19,0,10,43,0.58,2.68,3.8,4.3,319,318,14.4,31.3,22.9,18.9,15.2,0.210,0.209,0.207,0.327
2024-07-30T16:00,32.3,52,21.3,36.0,0.00,0.00,0.00,NaN,1,1014.4,1009.5,22,0,3,68,0.46,2.31,6.4,7.9,27,30,15.8,31.4,23.3,18.9,15.2,0.208,0.208,0.207,0.327
2024-07-30T17:00,32.3,52,21.2,36.6,0.00,0.00,0.00,NaN,1,1014.0,1009.1,24,0,3,73,0.31,2.33,1.4,1.8,360,11,16.9,31.0,23.6,19.0,15.2,0.207,0.208,0.207,0.327
2024-07-30T18:00,32.5,51,21.0,36.2,0.00,0.00,0.00,NaN,1,1013.4,1008.5,30,0,2,96,0.27,2.41,4.6,5.9,39,38,9.7,30.6,23.9,19.0,15.2,0.205,0.207,0.207,0.327
2024-07-30T19:00,31.4,61,23.0,36.2,0.00,0.00,0.00,NaN,0,1013.0,1008.1,15,0,0,50,0.17,1.77,4.4,9.5,81,79,10.1,29.8,24.2,19.0,15.2,0.204,0.207,0.207,0.327
2024-07-30T20:00,28.8,69,22.6,33.2,0.00,0.00,0.00,NaN,0,1013.0,1008.1,18,0,0,61,0.08,1.21,5.8,13.7,94,95,8.6,28.7,24.4,19.0,15.2,0.204,0.207,0.207,0.327
2024-07-30T21:00,26.5,76,21.9,30.3,0.00,0.00,0.00,NaN,1,1013.8,1008.8,29,0,0,98,0.04,0.82,7.2,15.1,93,93,10.1,27.4,24.5,19.0,15.2,0.204,0.207,0.207,0.327
2024-07-30T22:00,25.4,81,22.0,28.9,0.00,0.00,0.00,NaN,0,1014.1,1009.1,0,0,0,1,0.02,0.60,9.4,13.7,92,88,11.5,26.3,24.5,19.0,15.2,0.204,0.207,0.207,0.327
2024-07-30T23:00,25.5,78,21.3,28.5,0.00,0.00,0.00,NaN,1,1013.6,1008.6,34,3,4,98,0.03,0.72,10.0,22.9,111,103,15.1,25.5,24.5,19.1,15.2,0.204,0.207,0.207,0.327
2024-07-31T00:00,24.0,85,21.3,27.6,0.00,0.00,0.00,NaN,1,1012.9,1007.9,30,0,0,100,0.00,0.45,6.6,10.2,241,198,23.4,25.0,24.4,19.1,15.2,0.204,0.207,0.207,0.327
2024-07-31T01:00,23.9,83,20.7,25.5,0.00,0.00,0.00,NaN,1,1014.3,1009.3,36,5,3,100,0.03,0.52,17.6,32.4,298,293,30.2,24.5,24.4,19.1,15.2,0.204,0.207,0.207,0.327
2024-07-31T02:00,22.3,88,20.3,24.8,5.00,5.00,0.00,NaN,63,1014.0,1009.0,86,0,93,100,0.00,0.31,10.2,19.5,67,62,20.2,22.7,24.1,19.1,15.2,0.252,0.205,0.209,0.327
2024-07-31T03:00,22.2,89,20.3,24.8,0.90,0.90,0.00,NaN,53,1013.9,1008.9,83,0,89,100,0.00,0.29,9.6,15.9,340,6,18.0,22.4,24.0,19.1,15.2,0.265,0.205,0.209,0.327
2024-07-31T04:00,21.8,91,20.3,24.5,0.00,0.00,0.00,NaN,2,1013.6,1008.6,53,0,38,100,0.00,0.23,9.4,20.1,32,36,16.6,22.1,23.8,19.1,15.2,0.265,0.205,0.209,0.327
2024-07-31T05:00,21.8,88,19.7,23.1,0.00,0.00,0.00,NaN,1,1013.0,1008.0,48,0,30,100,0.01,0.31,16.3,31.3,45,45,27.0,21.9,23.6,19.2,15.2,0.264,0.205,0.209,0.327
2024-07-31T06:00,21.5,89,19.6,23.6,0.00,0.00,0.00,NaN,1,1012.5,1007.5,32,0,24,58,0.03,0.28,10.6,22.9,72,71,28.1,21.7,23.4,19.2,15.2,0.264,0.205,0.209,0.327
2024-07-31T07:00,22.4,88,20.3,25.5,0.00,0.00,0.00,NaN,0,1012.7,1007.7,1,0,2,0,0.05,0.32,6.3,12.7,347,47,16.9,22.0,23.3,19.2,15.2,0.264,0.205,0.209,0.327
2024-07-31T08:00,23.8,84,21.0,27.3,0.00,0.00,0.00,NaN,1,1012.8,1007.8,26,0,1,84,0.15,0.46,6.2,10.7,36,48,15.1,22.9,23.2,19.2,15.2,0.263,0.205,0.209,0.327
2024-07-31T09:00,25.6,78,21.5,28.9,0.00,0.00,0.00,NaN,0,1012.9,1007.9,0,0,0,0,0.27,0.71,8.8,12.1,71,73,19.8,24.2,23.1,19.2,15.2,0.262,0.205,0.209,0.327
2024-07-31T10:00,27.4,71,21.6,31.1,0.00,0.00,0.00,NaN,0,1012.9,1008.0,1,0,2,0,0.39,1.07,7.2,9.3,72,74,20.2,25.6,23.2,19.2,15.2,0.260,0.205,0.209,0.327
2024-07-31T11:00,29.2,64,21.8,34.2,0.00,0.00,0.00,NaN,0,1012.7,1007.8,8,0,13,0,0.49,1.44,4.3,5.2,48,56,18.4,27.2,23.3,19.2,15.2,0.257,0.205,0.209,0.327
2024-07-31T12:00,30.3,60,21.6,35.0,0.00,0.00,0.00,NaN,0,1012.5,1007.6,7,0,12,0,0.54,1.73,7.1,8.9,30,32,19.1,28.5,23.5,19.2,15.2,0.254,0.204,0.208,0.327
2024-07-31T13:00,31.2,56,21.3,36.1,0.00,0.00,0.00,NaN,1,1012.3,1007.4,24,0,19,42,0.59,2.01,7.0,8.6,55,57,19.4,29.7,23.7,19.3,15.2,0.250,0.204,0.208,0.327
2024-07-31T14:00,27.9,66,20.9,31.7,0.00,0.00,0.00,NaN,1,1012.5,1007.6,46,0,27,100,0.40,1.28,3.7,4.3,299,312,15.8,30.3,24.2,19.3,15.2,0.188,0.207,0.213,0.327
2024-07-31T15:00,25.9,74,21.0,28.6,0.00,0.00,0.00,NaN,1,1012.6,1007.6,33,0,5,100,0.15,0.86,11.7,17.9,236,245,28.4,28.8,24.4,19.3,15.2,0.187,0.207,0.213,0.327
2024-07-31T16:00,25.6,78,21.5,29.6,0.90,0.90,0.00,NaN,53,1012.0,1007.0,89,0,100,97,0.13,0.72,4.0,5.8,175,173,21.2,27.8,24.5,19.3,15.2,0.195,0.207,0.213,0.327
2024-07-31T17:00,26.4,76,21.7,30.7,0.30,0.30,0.00,NaN,51,1011.7,1006.8,30,0,35,29,0.22,0.84,2.8,3.5,320,336,11.2,27.6,24.6,19.3,15.2,0.198,0.207,0.213,0.327
2024-07-31T18:00,27.3,72,21.8,31.0,0.00,0.00,0.00,NaN,1,1011.7,1006.8,23,0,0,77,0.21,1.03,7.3,9.7,110,105,15.1,27.4,24.7,19.4,15.3,0.197,0.207,0.213,0.327
2024-07-31T19:00,27.1,74,22.1,31.1,0.00,0.00,0.00,NaN,1,1012.2,1007.3,24,0,6,67,0.15,0.92,6.3,8.0,193,188,16.6,27.1,24.7,19.4,15.3,0.197,0.207,0.213,0.327
2024-07-31T20:00,25.7,83,22.6,30.4,0.00,0.00,0.00,NaN,0,1012.2,1007.2,3,0,2,6,0.05,0.56,4.2,8.1,250,238,12.6,26.5,24.8,19.4,15.3,0.197,0.207,0.213,0.327
2024-07-31T21:00,23.7,92,22.3,28.2,0.00,0.00,0.00,NaN,0,1012.2,1007.2,6,0,0,19,0.01,0.24,4.2,7.1,239,210,7.6,25.5,24.7,19.4,15.3,0.197,0.207,0.213,0.327
2024-07-31T22:00,22.8,94,21.8,26.8,0.00,0.00,0.00,NaN,1,1012.2,1007.2,21,0,2,65,0.00,0.16,5.8,7.8,240,202,7.6,24.7,24.7,19.4,15.3,0.197,0.207,0.213,0.327
2024-07-31T23:00,22.4,95,21.5,26.3,0.00,0.00,0.00,NaN,0,1012.1,1007.1,14,0,16,13,0.00,0.14,4.9,6.5,234,186,7.6,24.1,24.6,19.5,15.3,0.197,0.207,0.213,0.327
2024-08-01T00:00,22.2,95,21.3,26.1,0.00,0.00,0.00,NaN,0,1011.8,1006.8,17,0,25,6,0.00,0.14,4.6,9.4,231,212,7.2,23.6,24.4,19.5,15.3,0.197,0.207,0.213,0.327
2024-08-01T01:00,21.9,95,21.0,25.6,0.00,0.00,0.00,NaN,0,1011.4,1006.4,6,0,10,0,0.00,0.14,4.6,9.8,219,216,7.9,23.2,24.3,19.5,15.3,0.197,0.207,0.214,0.327
2024-08-01T02:00,23.1,87,20.7,25.6,0.20,0.20,0.00,NaN,51,1010.7,1005.7,39,7,21,67,0.01,0.38,11.7,21.7,223,223,25.9,24.4,24.9,19.5,15.3,0.198,0.209,0.217,0.327
2024-08-01T03:00,21.5,91,20.0,23.4,9.90,9.90,0.00,NaN,65,1011.5,1006.5,82,65,11,58,0.00,0.23,13.7,20.9,355,349,24.8,23.7,24.8,19.5,15.3,0.333,0.209,0.217,0.327
2024-08-01T04:00,21.3,93,20.1,24.3,0.80,0.80,0.00,NaN,53,1011.4,1006.4,49,12,26,76,0.00,0.18,6.6,12.8,299,308,25.2,23.1,24.6,19.6,15.3,0.341,0.209,0.217,0.327
2024-08-01T05:00,20.4,95,19.5,23.0,8.20,8.20,0.00,NaN,65,1011.2,1006.2,73,0,73,98,0.00,0.13,6.4,7.9,74,51,29.5,22.4,24.4,19.6,15.3,0.401,0.225,0.217,0.327
2024-08-01T06:00,20.3,96,19.6,22.5,0.20,0.20,0.00,NaN,51,1011.7,1006.7,8,0,12,3,0.02,0.10,9.4,12.4,184,163,15.5,22.0,24.2,19.6,15.3,0.389,0.230,0.217,0.327
2024-08-01T07:00,20.8,93,19.6,23.0,0.00,0.00,0.00,NaN,0,1011.2,1006.2,2,2,0,0,0.05,0.18,10.4,19.1,226,221,20.5,22.0,23.9,19.6,15.3,0.380,0.233,0.217,0.327
2024-08-01T08:00,22.2,89,20.2,24.7,0.00,0.00,0.00,NaN,0,1011.5,1006.5,1,1,0,0,0.14,0.30,10.0,15.6,240,241,21.2,22.6,23.8,19.6,15.3,0.372,0.235,0.217,0.327
2024-08-01T09:00,23.8,83,20.8,26.8,0.00,0.00,0.00,NaN,0,1012.1,1007.1,2,2,0,0,0.25,0.49,8.0,10.6,280,280,20.5,23.7,23.7,19.6,15.3,0.366,0.237,0.217,0.327
2024-08-01T10:00,26.1,71,20.4,28.6,0.00,0.00,0.00,NaN,2,1012.0,1007.0,52,58,0,0,0.36,0.98,10.8,13.6,291,292,23.0,24.9,23.6,19.6,15.3,0.359,0.238,0.217,0.327
2024-08-01T11:00,27.7,64,20.3,30.8,0.00,0.00,0.00,NaN,0,1011.7,1006.8,9,10,0,0,0.46,1.34,10.2,13.1,278,279,23.8,26.2,23.7,19.7,15.3,0.353,0.239,0.217,0.327
2024-08-01T12:00,28.3,63,20.6,31.8,0.00,0.00,0.00,NaN,1,1011.7,1006.8,21,9,4,34,0.52,1.42,11.6,14.5,265,264,27.0,27.3,23.8,19.7,15.3,0.346,0.240,0.217,0.327
2024-08-01T13:00,28.6,62,20.5,31.8,0.00,0.00,0.00,NaN,1,1011.9,1007.0,33,15,8,48,0.52,1.50,12.6,16.6,273,274,29.2,28.0,24.0,19.7,15.3,0.339,0.240,0.217,0.327
2024-08-01T14:00,26.3,71,20.6,28.8,1.10,1.10,0.00,NaN,55,1012.0,1007.0,49,17,6,100,0.38,0.99,11.1,13.8,216,221,23.8,29.3,24.3,19.7,15.3,0.271,0.208,0.217,0.327
2024-08-01T15:00,21.0,94,20.0,23.1,8.90,8.90,0.00,NaN,65,1013.4,1008.4,100,75,25,99,0.17,0.16,11.8,17.3,220,223,35.3,27.1,24.5,19.7,15.3,0.386,0.210,0.217,0.327
2024-08-01T16:00,22.7,86,20.2,25.6,0.10,0.10,0.00,NaN,51,1012.1,1007.1,47,12,11,98,0.14,0.39,7.2,10.5,270,276,25.9,25.8,24.5,19.7,15.3,0.377,0.213,0.217,0.327
2024-08-01T17:00,23.8,81,20.3,25.9,0.00,0.00,0.00,NaN,3,1012.6,1007.6,89,38,43,98,0.18,0.56,12.7,17.0,277,276,24.8,25.4,24.5,19.7,15.3,0.369,0.215,0.217,0.327
2024-08-01T18:00,23.2,84,20.4,25.5,0.00,0.00,0.00,NaN,1,1012.7,1007.7,43,16,2,91,0.13,0.45,11.9,15.9,305,303,23.8,25.1,24.5,19.8,15.3,0.363,0.217,0.217,0.327
2024-08-01T19:00,23.1,82,20.0,25.8,0.00,0.00,0.00,NaN,0,1012.7,1007.7,10,2,6,17,0.11,0.50,7.7,10.8,298,296,23.0,24.8,24.4,19.8,15.3,0.357,0.219,0.217,0.326
2024-08-01T20:00,22.3,89,20.4,25.9,0.00,0.00,0.00,NaN,0,1012.7,1007.7,13,0,4,36,0.04,0.30,3.6,9.4,270,272,15.1,24.3,24.3,19.8,15.3,0.353,0.220,0.217,0.326
2024-08-01T21:00,21.0,93,19.9,24.2,0.00,0.00,0.00,NaN,0,1013.5,1008.5,12,10,4,2,0.01,0.16,4.4,4.8,35,347,6.8,23.5,24.2,19.8,15.3,0.349,0.221,0.217,0.326
2024-08-01T22:00,21.6,91,20.1,25.3,0.00,0.00,0.00,NaN,0,1013.5,1008.5,3,3,1,0,0.00,0.23,1.1,3.0,198,284,5.8,22.9,24.1,19.8,15.3,0.345,0.223,0.217,0.326
2024-08-01T23:00,20.4,96,19.7,23.5,0.00,0.00,0.00,NaN,0,1013.3,1008.2,0,0,0,0,0.00,0.09,4.1,7.7,232,259,6.8,22.4,23.9,19.8,15.3,0.342,0.224,0.217,0.326
2024-08-02T00:00,20.0,96,19.4,22.7,0.00,0.00,0.00,NaN,0,1013.2,1008.1,0,0,0,0,0.00,0.09,5.8,12.6,266,283,9.7,22.0,23.8,19.8,15.3,0.340,0.224,0.217,0.326
2024-08-02T01:00,19.7,96,19.0,22.3,0.00,0.00,0.00,NaN,0,1013.2,1008.1,10,10,0,4,0.00,0.09,5.2,13.1,282,302,9.7,21.6,23.6,19.8,15.3,0.337,0.225,0.217,0.326
2024-08-02T02:00,19.9,92,18.5,21.0,0.00,0.00,0.00,NaN,1,1013.4,1008.3,25,8,29,2,0.00,0.19,13.8,25.9,264,268,24.1,21.9,24.2,19.9,15.4,0.270,0.206,0.212,0.326
2024-08-02T03:00,19.5,91,18.0,21.6,0.30,0.30,0.00,NaN,51,1013.1,1008.0,30,17,19,11,0.00,0.20,5.4,14.4,270,273,23.8,21.4,24.0,19.9,15.4,0.272,0.206,0.212,0.326
2024-08-02T04:00,18.5,97,18.0,20.9,2.10,2.10,0.00,NaN,61,1013.2,1008.1,20,5,24,3,0.00,0.07,3.6,3.2,174,243,11.2,20.9,23.8,19.9,15.4,0.300,0.206,0.212,0.326
2024-08-02T05:00,18.8,95,17.9,20.5,0.00,0.00,0.00,NaN,0,1012.7,1007.6,8,0,13,0,0.00,0.12,7.9,16.7,246,263,14.4,20.5,23.5,19.9,15.4,0.299,0.207,0.212,0.326
2024-08-02T06:00,18.8,96,18.2,21.1,0.00,0.00,0.00,NaN,1,1013.0,1007.9,46,42,14,0,0.01,0.09,4.7,13.4,293,297,14.0,20.3,23.3,19.9,15.4,0.298,0.207,0.212,0.326
2024-08-02T07:00,19.7,93,18.5,21.3,0.00,0.00,0.00,NaN,1,1013.0,1007.9,31,32,3,0,0.04,0.17,10.9,15.1,326,327,20.5,20.5,23.0,19.9,15.4,0.297,0.207,0.212,0.326
2024-08-02T08:00,20.4,88,18.4,22.0,0.00,0.00,0.00,NaN,1,1013.1,1008.0,23,26,0,0,0.10,0.29,10.1,13.7,333,333,21.2,21.1,22.9,19.9,15.4,0.296,0.208,0.212,0.326
2024-08-02T09:00,21.5,80,17.9,22.8,0.00,0.00,0.00,NaN,3,1013.4,1008.4,90,100,0,0,0.19,0.51,10.8,14.0,330,331,23.0,21.9,22.7,19.9,15.4,0.295,0.208,0.212,0.326
2024-08-02T10:00,22.6,75,17.8,24.1,0.10,0.10,0.00,NaN,51,1013.3,1008.3,60,63,6,0,0.25,0.70,9.2,12.0,318,319,23.0,22.8,22.7,19.9,15.4,0.294,0.208,0.212,0.326
2024-08-02T11:00,23.4,69,17.5,24.9,0.10,0.10,0.00,NaN,51,1013.3,1008.3,30,29,6,0,0.29,0.88,8.0,10.5,297,297,21.2,23.7,22.7,19.9,15.4,0.293,0.208,0.212,0.326
2024-08-02T12:00,24.9,62,17.2,26.9,0.00,0.00,0.00,NaN,0,1013.2,1008.2,9,7,5,0,0.47,1.18,9.5,12.1,281,282,23.0,25.1,22.7,20.0,15.4,0.290,0.208,0.212,0.326
2024-08-02T13:00,25.8,57,16.6,27.7,0.00,0.00,0.00,NaN,0,1012.8,1007.8,12,5,12,0,0.53,1.44,11.3,14.3,279,280,25.2,26.3,22.9,20.0,15.4,0.286,0.208,0.212,0.326
2024-08-02T14:00,26.3,58,17.5,29.1,0.10,0.10,0.00,NaN,51,1012.8,1007.8,15,9,12,0,0.54,1.42,8.7,10.9,277,279,21.6,27.9,23.4,20.0,15.4,0.260,0.205,0.212,0.326
2024-08-02T15:00,26.9,53,16.5,28.4,0.00,0.00,0.00,NaN,0,1012.6,1007.7,16,8,14,0,0.51,1.67,11.2,14.2,291,291,24.1,28.3,23.6,20.0,15.4,0.257,0.205,0.212,0.326
2024-08-02T16:00,27.2,49,15.6,27.4,0.00,0.00,0.00,NaN,0,1012.2,1007.3,10,6,8,0,0.48,1.83,15.2,19.7,301,301,29.9,28.4,23.8,20.0,15.4,0.254,0.205,0.212,0.326
2024-08-02T17:00,26.2,52,15.7,25.5,0.00,0.00,0.00,NaN,0,1012.0,1007.0,10,5,10,0,0.40,1.62,18.2,24.4,308,307,34.9,28.1,24.0,20.0,15.4,0.251,0.204,0.211,0.326
2024-08-02T18:00,25.4,55,15.8,24.6,0.00,0.00,0.00,NaN,1,1012.3,1007.3,37,34,11,0,0.30,1.45,19.4,26.8,312,312,35.6,27.4,24.2,20.0,15.4,0.249,0.204,0.211,0.326
2024-08-02T19:00,24.1,61,16.1,23.6,0.00,0.00,0.00,NaN,1,1012.6,1007.6,34,27,4,24,0.19,1.16,17.9,26.1,322,321,36.7,26.5,24.2,20.0,15.4,0.248,0.204,0.211,0.326
2024-08-02T20:00,22.8,65,16.0,22.8,0.00,0.00,0.00,NaN,0,1013.2,1008.2,14,6,0,28,0.10,0.96,14.3,24.7,321,323,32.0,25.4,24.3,20.0,15.4,0.247,0.204,0.211,0.326
2024-08-02T21:00,21.2,69,15.2,21.0,0.00,0.00,0.00,NaN,0,1014.3,1009.3,2,0,0,8,0.07,0.79,13.5,24.2,312,314,25.2,24.3,24.2,20.0,15.4,0.247,0.204,0.211,0.326
2024-08-02T22:00,19.8,71,14.5,19.4,0.00,0.00,0.00,NaN,0,1014.7,1009.6,2,1,0,4,0.04,0.66,12.8,23.7,310,313,23.4,23.2,24.1,20.1,15.4,0.246,0.204,0.211,0.326
2024-08-02T23:00,18.8,73,13.9,18.4,0.00,0.00,0.00,NaN,0,1015.0,1009.9,4,0,1,10,0.03,0.58,11.2,21.9,310,312,22.0,22.4,24.0,20.1,15.4,0.246,0.204,0.211,0.326
2024-08-03T00:00,17.8,78,13.9,17.7,0.00,0.00,0.00,NaN,0,1014.8,1009.7,0,0,0,1,0.01,0.45,9.0,19.3,307,315,19.4,21.5,23.8,20.1,15.4,0.245,0.204,0.211,0.326
2024-08-03T01:00,17.1,81,13.9,17.2,0.00,0.00,0.00,NaN,0,1014.9,1009.8,1,0,1,0,0.01,0.36,7.7,18.6,307,314,16.2,20.8,23.6,20.1,15.4,0.245,0.204,0.211,0.326
2024-08-03T02:00,16.1,89,14.3,16.7,0.00,0.00,0.00,NaN,0,1015.4,1010.3,0,0,0,0,0.00,0.20,5.4,14.2,290,306,14.4,20.3,23.3,20.1,15.4,0.244,0.204,0.211,0.326
2024-08-03T03:00,15.5,93,14.3,16.2,0.00,0.00,0.00,NaN,0,1015.3,1010.1,0,0,0,0,0.00,0.13,4.7,12.6,274,297,9.0,19.7,23.1,20.1,15.4,0.244,0.204,0.211,0.326
2024-08-03T04:00,15.2,94,14.2,15.7,0.00,0.00,0.00,NaN,0,1015.0,1009.8,7,0,0,24,0.00,0.11,5.5,12.8,259,281,9.0,19.2,22.8,20.1,15.4,0.244,0.204,0.211,0.326
2024-08-03T05:00,15.0,94,14.1,15.2,0.00,0.00,0.00,NaN,0,1014.9,1009.7,11,0,0,36,0.00,0.10,7.8,16.9,257,271,13.0,18.7,22.6,20.1,15.4,0.244,0.204,0.211,0.326
2024-08-03T06:00,15.1,93,14.1,15.1,0.00,0.00,0.00,NaN,1,1015.1,1009.9,30,0,0,100,0.01,0.11,9.0,18.8,265,274,15.1,18.4,22.3,20.1,15.5,0.244,0.204,0.211,0.326
2024-08-03T07:00,16.4,87,14.3,16.5,0.00,0.00,0.00,NaN,1,1015.4,1010.3,30,0,0,100,0.04,0.23,8.6,16.0,270,278,16.6,18.7,22.0,20.1,15.5,0.243,0.204,0.211,0.326
2024-08-03T08:00,17.8,82,14.6,18.1,0.00,0.00,0.00,NaN,1,1015.5,1010.4,31,1,0,100,0.12,0.38,8.4,11.8,280,282,19.1,19.5,21.9,20.1,15.5,0.243,0.204,0.211,0.326
2024-08-03T09:00,19.7,73,14.7,19.8,0.00,0.00,0.00,NaN,2,1015.7,1010.6,71,46,0,100,0.21,0.62,9.9,12.6,289,290,22.0,20.6,21.7,20.1,15.5,0.242,0.204,0.211,0.326
2024-08-03T10:00,20.9,67,14.6,21.0,0.00,0.00,0.00,NaN,3,1015.6,1010.5,100,100,0,97,0.28,0.81,9.5,12.0,279,279,22.0,21.8,21.7,20.1,15.5,0.240,0.204,0.211,0.326
2024-08-03T11:00,21.5,64,14.3,21.3,0.00,0.00,0.00,NaN,3,1015.5,1010.5,100,100,0,100,0.25,0.93,10.9,14.5,264,263,23.4,22.4,21.7,20.1,15.5,0.239,0.204,0.211,0.326
2024-08-03T12:00,22.4,59,14.0,21.8,0.00,0.00,0.00,NaN,3,1015.2,1010.2,100,96,1,100,0.29,1.11,12.4,16.2,253,253,25.6,23.1,21.7,20.1,15.5,0.237,0.204,0.211,0.326
2024-08-03T13:00,23.4,54,13.7,22.6,0.00,0.00,0.00,NaN,3,1014.9,1009.9,100,100,2,100,0.34,1.32,13.7,18.3,247,248,27.4,23.7,21.8,20.1,15.5,0.235,0.203,0.211,0.326
2024-08-03T14:00,23.6,54,13.8,23.1,0.00,0.00,0.00,NaN,3,1015.4,1010.4,100,100,80,100,0.34,1.34,11.8,15.3,247,246,24.5,24.0,21.7,20.1,15.5,0.236,0.204,0.212,0.326
2024-08-03T15:00,23.9,53,13.8,23.5,0.00,0.00,0.00,NaN,3,1015.0,1010.0,100,56,97,100,0.28,1.38,11.0,14.8,251,252,24.8,24.2,21.9,20.1,15.5,0.234,0.203,0.212,0.326
2024-08-03T16:00,23.9,54,13.9,23.3,0.00,0.00,0.00,NaN,3,1014.6,1009.6,100,83,70,99,0.25,1.38,12.9,17.4,247,248,24.8,24.2,22.0,20.1,15.5,0.233,0.203,0.212,0.326
2024-08-03T17:00,24.1,54,14.1,23.5,0.00,0.00,0.00,NaN,3,1014.4,1009.4,100,86,91,99,0.26,1.39,13.7,18.4,247,247,25.9,24.3,22.0,20.1,15.5,0.231,0.203,0.211,0.326
2024-08-03T18:00,23.6,55,14.2,22.8,0.00,0.00,0.00,NaN,3,1014.2,1009.2,100,100,9,100,0.20,1.30,14.8,20.1,241,241,27.0,24.0,22.1,20.1,15.5,0.230,0.203,0.211,0.326
2024-08-03T19:00,23.0,60,14.9,22.7,0.00,0.00,0.00,NaN,3,1014.1,1009.1,100,100,17,90,0.13,1.11,12.8,20.1,248,249,27.0,23.5,22.2,20.1,15.5,0.229,0.203,0.211,0.326
2024-08-03T20:00,22.1,66,15.4,22.1,0.00,0.00,0.00,NaN,3,1014.3,1009.3,100,100,47,99,0.09,0.92,12.4,20.3,240,243,22.3,23.0,22.2,20.1,15.5,0.229,0.203,0.211,0.326
2024-08-03T21:00,20.7,75,16.1,21.2,0.30,0.30,0.00,NaN,51,1014.9,1009.8,38,4,40,36,0.05,0.60,10.7,20.3,237,240,22.0,22.3,22.2,20.1,15.5,0.232,0.203,0.211,0.326
2024-08-03T22:00,19.9,82,16.7,21.2,0.30,0.30,0.00,NaN,51,1015.0,1009.9,100,94,39,36,0.01,0.42,7.4,17.6,241,247,18.4,21.4,22.1,20.1,15.5,0.234,0.203,0.211,0.326
2024-08-03T23:00,19.9,84,17.0,21.2,0.00,0.00,0.00,NaN,1,1014.9,1009.8,44,28,7,50,0.01,0.38,8.2,18.4,229,242,13.7,20.9,22.1,20.1,15.5,0.234,0.203,0.211,0.326
2024-08-04T00:00,19.3,85,16.7,20.2,0.00,0.00,0.00,NaN,1,1014.9,1009.8,42,5,12,100,0.01,0.34,9.8,20.9,242,251,16.6,20.4,21.9,20.1,15.5,0.234,0.203,0.212,0.326
2024-08-04T01:00,18.7,86,16.4,19.4,0.00,0.00,0.00,NaN,1,1014.8,1009.7,29,6,10,58,0.01,0.30,10.3,22.0,245,252,17.6,19.9,21.8,20.1,15.5,0.234,0.203,0.212,0.326
2024-08-04T02:00,19.4,88,17.5,20.2,0.00,0.00,0.00,NaN,3,1015.4,1010.3,100,68,19,99,0.01,0.26,13.3,23.4,257,260,23.4,19.7,21.4,20.1,15.5,0.351,0.213,0.211,0.326
2024-08-04T03:00,19.1,90,17.4,19.9,0.00,0.00,0.00,NaN,3,1015.2,1010.1,100,40,65,100,0.00,0.22,12.6,22.0,270,274,23.0,19.5,21.3,20.1,15.5,0.348,0.214,0.211,0.326
2024-08-04T04:00,18.3,92,17.0,18.9,0.00,0.00,0.00,NaN,3,1015.3,1010.2,100,81,4,100,0.00,0.16,12.8,21.1,302,303,22.0,19.3,21.1,20.1,15.5,0.344,0.215,0.212,0.326
2024-08-04T05:00,16.9,89,15.1,16.5,0.00,0.00,0.00,NaN,1,1015.8,1010.7,32,2,0,100,0.01,0.20,14.3,22.9,298,300,25.6,18.9,21.0,20.1,15.5,0.341,0.216,0.212,0.326
2024-08-04T06:00,16.2,90,14.5,16.0,0.00,0.00,0.00,NaN,3,1016.1,1011.0,100,100,0,100,0.02,0.18,11.4,19.3,294,297,25.2,18.4,20.8,20.1,15.5,0.338,0.217,0.212,0.326
2024-08-04T07:00,16.5,87,14.4,16.3,0.00,0.00,0.00,NaN,3,1016.4,1011.3,100,100,3,100,0.04,0.24,10.6,15.3,294,297,20.2,18.3,20.7,20.1,15.5,0.336,0.218,0.212,0.326
2024-08-04T08:00,17.0,84,14.2,17.0,0.00,0.00,0.00,NaN,2,1016.7,1011.6,60,33,0,100,0.07,0.32,9.7,13.4,301,301,19.8,18.5,20.5,20.1,15.5,0.333,0.219,0.212,0.326
2024-08-04T09:00,18.2,79,14.4,18.4,0.00,0.00,0.00,NaN,0,1016.8,1011.7,14,6,0,29,0.17,0.45,8.9,11.2,291,291,20.5,19.4,20.4,20.1,15.5,0.330,0.220,0.212,0.326
2024-08-04T10:00,19.7,70,14.1,19.5,0.00,0.00,0.00,NaN,0,1017.1,1012.0,12,3,0,32,0.32,0.69,10.4,13.3,290,289,23.8,20.7,20.4,20.1,15.6,0.326,0.220,0.212,0.326
2024-08-04T11:00,21.0,63,13.6,21.1,0.00,0.00,0.00,NaN,1,1017.2,1012.1,30,8,0,77,0.40,0.93,12.1,15.5,287,288,27.0,21.9,20.4,20.0,15.6,0.322,0.220,0.211,0.326
2024-08-04T12:00,21.7,57,12.8,22.1,0.00,0.00,0.00,NaN,1,1016.9,1011.8,36,7,0,100,0.45,1.12,10.7,13.6,282,281,26.6,23.0,20.6,20.0,15.6,0.317,0.220,0.211,0.326
2024-08-04T13:00,22.2,55,12.8,22.4,0.00,0.00,0.00,NaN,2,1017.0,1012.0,57,30,0,100,0.45,1.20,10.7,13.7,290,288,24.8,23.8,20.7,20.0,15.6,0.313,0.220,0.211,0.326
2024-08-04T14:00,22.7,54,12.8,22.6,0.00,0.00,0.00,NaN,1,1017.2,1012.2,38,9,0,100,0.39,1.27,7.1,8.8,294,289,19.1,24.4,20.9,20.0,15.6,0.308,0.220,0.211,0.326
2024-08-04T15:00,23.3,52,13.0,23.9,0.00,0.00,0.00,NaN,1,1016.8,1011.8,33,4,0,97,0.45,1.36,7.6,9.4,289,288,19.8,25.0,21.1,20.0,15.6,0.304,0.220,0.211,0.326
2024-08-04T16:00,23.4,51,12.7,23.5,0.00,0.00,0.00,NaN,1,1016.5,1011.5,35,6,0,100,0.40,1.42,7.0,8.8,291,289,19.4,25.2,21.4,20.0,15.6,0.300,0.220,0.211,0.326
2024-08-04T17:00,23.3,51,12.7,23.2,0.00,0.00,0.00,NaN,1,1016.2,1011.2,34,5,0,100,0.30,1.40,6.4,8.0,308,306,17.6,25.0,21.6,20.0,15.6,0.297,0.220,0.210,0.326
2024-08-04T18:00,22.9,53,12.9,22.8,0.00,0.00,0.00,NaN,1,1016.2,1011.2,31,1,0,100,0.20,1.30,6.5,8.2,326,322,15.5,24.4,21.7,20.0,15.6,0.295,0.220,0.210,0.326
2024-08-04T19:00,22.1,59,13.7,22.5,0.00,0.00,0.00,NaN,1,1015.9,1010.9,30,0,0,100,0.11,1.09,5.0,8.2,339,337,14.0,23.6,21.8,20.0,15.6,0.293,0.220,0.210,0.326
2024-08-04T20:00,20.4,67,14.0,20.9,0.00,0.00,0.00,NaN,1,1016.0,1010.9,30,0,0,100,0.05,0.80,5.5,12.5,349,348,9.4,22.7,21.9,20.0,15.6,0.292,0.220,0.210,0.326
2024-08-04T21:00,18.6,74,13.8,18.6,0.00,0.00,0.00,NaN,1,1016.3,1011.2,30,0,0,100,0.04,0.56,8.0,9.5,342,349,10.4,21.5,21.9,20.0,15.6,0.291,0.220,0.210,0.326
2024-08-04T22:00,20.2,61,12.5,20.5,0.00,0.00,0.00,NaN,1,1016.2,1011.1,30,0,0,100,0.00,0.91,3.1,4.5,315,331,9.4,20.6,21.8,20.0,15.6,0.291,0.221,0.210,0.326
2024-08-04T23:00,17.5,77,13.4,17.5,0.00,0.00,0.00,NaN,1,1016.4,1011.3,28,0,0,94,0.01,0.46,7.1,8.5,336,348,7.6,19.8,21.6,20.0,15.6,0.290,0.221,0.210,0.326
2024-08-05T00:00,16.8,80,13.4,16.8,0.00,0.00,0.00,NaN,1,1016.6,1011.5,22,0,0,72,0.01,0.38,7.6,17.7,5,20,12.2,19.2,21.5,20.0,15.6,0.289,0.221,0.210,0.326
2024-08-05T01:00,15.8,85,13.2,15.8,0.00,0.00,0.00,NaN,1,1016.5,1011.3,24,0,0,80,0.00,0.27,6.9,17.1,39,48,13.3,18.7,21.3,20.0,15.6,0.289,0.221,0.211,0.326
2024-08-05T02:00,14.6,92,13.4,14.9,0.00,0.00,0.00,NaN,1,1016.5,1011.3,22,0,0,73,0.00,0.13,5.6,12.8,40,52,9.4,18.3,21.2,20.0,15.6,0.286,0.220,0.209,0.325
2024-08-05T03:00,14.0,94,13.1,14.1,0.00,0.00,0.00,NaN,0,1016.4,1011.2,0,0,0,1,0.00,0.10,6.4,11.6,43,60,8.6,17.8,21.0,20.0,15.6,0.285,0.220,0.209,0.325
2024-08-05T04:00,13.7,95,12.8,13.7,0.00,0.00,0.00,NaN,0,1016.1,1010.9,0,0,0,0,0.00,0.08,5.7,11.3,35,63,8.6,17.3,20.8,20.0,15.6,0.285,0.221,0.209,0.325
2024-08-05T05:00,13.4,95,12.6,13.3,0.00,0.00,0.00,NaN,0,1015.8,1010.6,0,0,0,0,0.00,0.07,6.2,11.1,36,65,8.3,17.0,20.5,20.0,15.6,0.284,0.221,0.209,0.325
2024-08-05T06:00,13.6,95,12.9,13.9,0.00,0.00,0.00,NaN,0,1015.8,1010.6,0,0,0,0,0.01,0.07,4.3,11.2,48,75,8.6,16.7,20.3,20.0,15.6,0.284,0.221,0.209,0.325
2024-08-05T07:00,15.3,88,13.4,15.8,0.00,0.00,0.00,NaN,0,1015.8,1010.6,0,0,0,0,0.03,0.20,4.0,10.9,63,84,9.7,17.1,20.1,20.0,15.6,0.283,0.221,0.209,0.325
2024-08-05T08:00,17.4,82,14.3,18.3,0.00,0.00,0.00,NaN,0,1015.6,1010.5,0,0,0,0,0.12,0.36,3.3,9.5,84,99,11.5,18.1,19.9,20.0,15.6,0.282,0.221,0.209,0.325
2024-08-05T09:00,20.0,73,15.0,21.0,0.00,0.00,0.00,NaN,0,1015.5,1010.4,0,0,0,0,0.23,0.63,4.6,6.3,108,114,14.0,19.6,19.9,20.0,15.6,0.280,0.221,0.209,0.325
2024-08-05T10:00,22.2,63,14.9,23.0,0.00,0.00,0.00,NaN,0,1015.2,1010.2,0,0,0,0,0.35,0.99,5.9,7.4,137,141,16.6,21.3,19.9,20.0,15.6,0.278,0.221,0.209,0.325
2024-08-05T11:00,23.8,58,15.0,25.4,0.00,0.00,0.00,NaN,0,1015.1,1010.1,0,0,0,0,0.45,1.24,6.2,8.0,159,162,18.0,22.9,20.1,20.0,15.6,0.275,0.221,0.209,0.325
2024-08-05T12:00,24.9,55,15.3,27.0,0.00,0.00,0.00,NaN,0,1014.6,1009.6,0,0,0,0,0.52,1.41,7.0,8.8,168,168,19.1,24.4,20.3,19.9,15.6,0.272,0.220,0.209,0.325
2024-08-05T13:00,25.7,52,15.3,28.1,0.00,0.00,0.00,NaN,0,1014.3,1009.3,0,0,0,0,0.56,1.57,7.2,9.0,174,178,19.8,25.6,20.6,19.9,15.6,0.268,0.220,0.208,0.325
2024-08-05T14:00,26.8,47,14.4,28.9,0.00,0.00,0.00,NaN,0,1013.9,1008.9,0,0,0,0,0.58,1.87,6.8,8.6,177,180,19.4,26.7,20.9,19.9,15.6,0.261,0.217,0.206,0.325
2024-08-05T15:00,27.2,46,14.5,29.0,0.00,0.00,0.00,NaN,0,1013.5,1008.6,0,0,0,0,0.55,1.95,6.9,8.8,186,189,18.7,27.3,21.3,19.9,15.6,0.258,0.217,0.205,0.325
2024-08-05T16:00,27.5,44,14.3,28.6,0.00,0.00,0.00,NaN,0,1013.0,1008.1,0,0,0,0,0.49,2.04,7.3,9.3,191,193,18.4,27.6,21.6,19.9,15.6,0.254,0.216,0.205,0.325
2024-08-05T17:00,27.4,44,14.0,27.7,0.00,0.00,0.00,NaN,0,1012.6,1007.7,0,0,0,0,0.40,2.05,7.3,9.4,200,203,17.6,27.4,21.9,19.9,15.7,0.252,0.216,0.205,0.325
2024-08-05T18:00,27.1,44,13.9,27.2,0.00,0.00,0.00,NaN,0,1012.3,1007.4,0,0,0,0,0.29,1.99,7.6,9.8,205,208,16.6,26.9,22.2,19.9,15.7,0.250,0.215,0.205,0.325
2024-08-05T19:00,25.8,55,16.1,27.2,0.00,0.00,0.00,NaN,0,1012.2,1007.2,0,0,0,0,0.16,1.49,5.0,10.9,201,207,14.4,26.0,22.4,19.9,15.7,0.249,0.215,0.205,0.325
2024-08-05T20:00,22.6,67,16.2,23.7,0.00,0.00,0.00,NaN,0,1012.3,1007.3,0,0,0,0,0.07,0.90,7.3,12.9,200,207,9.7,24.7,22.5,19.9,15.7,0.248,0.215,0.205,0.325
2024-08-05T21:00,20.7,71,15.2,21.3,0.00,0.00,0.00,NaN,0,1012.6,1007.6,0,0,0,0,0.05,0.71,7.3,15.0,213,215,11.2,23.3,22.5,20.0,15.7,0.248,0.215,0.205,0.325
2024-08-05T22:00,19.9,72,14.8,20.4,0.00,0.00,0.00,NaN,0,1012.7,1007.6,0,0,0,0,0.02,0.65,7.5,17.8,215,222,11.9,22.1,22.5,20.0,15.7,0.248,0.215,0.205,0.325
2024-08-05T23:00,19.5,71,14.1,19.6,0.00,0.00,0.00,NaN,0,1012.7,1007.6,0,0,0,0,0.02,0.65,8.4,20.0,223,232,14.0,21.3,22.4,20.0,15.7,0.247,0.215,0.205,0.325
2024-08-06T00:00,19.0,69,13.1,18.8,0.00,0.00,0.00,NaN,0,1012.6,1007.5,0,0,0,0,0.03,0.69,8.5,21.4,234,243,14.4,20.6,22.3,20.0,15.7,0.247,0.215,0.205,0.325
2024-08-06T01:00,18.7,67,12.6,18.1,0.00,0.00,0.00,NaN,0,1012.3,1007.2,0,0,0,0,0.03,0.70,9.4,22.3,238,249,15.8,20.1,22.1,20.0,15.7,0.247,0.216,0.205,0.325
2024-08-06T02:00,18.4,73,13.4,18.4,0.00,0.00,0.00,NaN,0,1012.2,1007.1,3,3,0,0,0.01,0.58,7.2,18.1,264,275,18.0,19.7,22.0,20.0,15.7,0.238,0.210,0.199,0.325
2024-08-06T03:00,16.6,84,14.0,16.9,0.00,0.00,0.00,NaN,0,1011.9,1006.8,0,0,0,0,0.00,0.30,6.8,13.0,252,272,11.9,19.2,21.8,20.0,15.7,0.237,0.210,0.199,0.325
2024-08-06T04:00,15.8,90,14.1,16.2,0.00,0.00,0.00,NaN,0,1011.7,1006.6,0,0,0,0,0.00,0.19,5.9,12.6,256,267,10.1,18.7,21.6,20.0,15.7,0.237,0.210,0.199,0.325
2024-08-06T05:00,15.6,92,14.3,16.0,0.00,0.00,0.00,NaN,0,1011.8,1006.7,0,0,0,0,0.00,0.14,6.9,17.8,276,277,11.5,18.3,21.4,20.0,15.7,0.237,0.210,0.199,0.325
2024-08-06T06:00,15.5,94,14.6,16.2,0.00,0.00,0.00,NaN,0,1011.8,1006.7,0,0,0,0,0.01,0.10,5.8,15.7,274,281,11.5,18.0,21.2,20.0,15.7,0.237,0.210,0.199,0.325
2024-08-06T07:00,17.3,89,15.4,18.3,0.00,0.00,0.00,NaN,1,1012.0,1006.9,29,0,0,98,0.04,0.22,5.4,12.4,262,278,11.5,18.3,21.0,20.0,15.7,0.237,0.210,0.199,0.325
2024-08-06T08:00,19.6,81,16.2,21.2,0.00,0.00,0.00,NaN,1,1012.0,1006.9,30,0,0,100,0.12,0.43,3.2,8.4,243,260,10.8,19.4,20.9,20.0,15.7,0.236,0.210,0.199,0.325
2024-08-06T09:00,22.0,73,16.9,23.8,0.00,0.00,0.00,NaN,1,1012.2,1007.2,30,0,0,100,0.22,0.72,4.7,6.6,247,248,13.3,20.8,20.8,20.0,15.7,0.235,0.210,0.199,0.325
2024-08-06T10:00,23.8,63,16.5,24.9,0.00,0.00,0.00,NaN,1,1012.0,1007.0,30,0,0,100,0.33,1.08,7.7,10.3,233,234,18.7,22.4,20.9,20.0,15.7,0.234,0.210,0.199,0.325
2024-08-06T11:00,25.0,58,16.2,26.1,0.00,0.00,0.00,NaN,0,1011.9,1006.9,1,1,0,1,0.44,1.32,11.0,14.3,221,221,24.8,23.9,21.0,19.9,15.7,0.232,0.209,0.199,0.325
2024-08-06T12:00,25.9,55,16.1,27.4,0.00,0.00,0.00,NaN,0,1011.7,1006.7,0,0,0,0,0.53,1.51,12.5,15.9,219,219,27.4,25.3,21.2,19.9,15.7,0.229,0.209,0.199,0.325
2024-08-06T13:00,26.8,49,15.1,28.0,0.00,0.00,0.00,NaN,0,1011.3,1006.4,0,0,0,0,0.58,1.80,13.2,17.1,227,228,28.4,26.4,21.4,19.9,15.7,0.226,0.208,0.199,0.325
2024-08-06T14:00,27.8,44,14.4,28.8,0.00,0.00,0.00,NaN,0,1011.2,1006.3,0,0,0,0,0.60,2.10,13.0,16.8,224,223,28.8,27.5,21.7,19.9,15.7,0.221,0.207,0.197,0.325
2024-08-06T15:00,28.2,42,14.0,28.7,0.00,0.00,0.00,NaN,0,1010.8,1005.9,0,0,0,0,0.58,2.23,13.6,17.4,230,230,28.1,28.0,22.0,19.9,15.7,0.218,0.206,0.197,0.325
2024-08-06T16:00,28.0,44,14.7,28.2,0.00,0.00,0.00,NaN,0,1010.7,1005.8,8,0,0,28,0.51,2.11,13.5,18.0,241,241,28.4,28.2,22.3,20.0,15.7,0.216,0.206,0.197,0.325
2024-08-06T17:00,27.8,46,15.1,27.8,0.00,0.00,0.00,NaN,0,1010.5,1005.6,9,4,5,9,0.40,2.03,11.8,15.7,230,233,27.7,28.0,22.6,20.0,15.7,0.214,0.205,0.197,0.325
2024-08-06T18:00,27.7,46,15.0,27.6,0.00,0.00,0.00,NaN,2,1010.3,1005.4,79,52,53,0,0.30,2.02,12.1,16.6,240,240,23.4,27.5,22.8,20.0,15.7,0.212,0.205,0.197,0.325
2024-08-06T19:00,25.8,57,16.7,25.8,0.00,0.00,0.00,NaN,3,1010.6,1005.6,100,83,36,96,0.19,1.41,15.6,24.3,277,276,27.4,26.6,23.0,20.0,15.7,0.211,0.205,0.197,0.325
2024-08-06T20:00,24.1,63,16.6,24.5,0.00,0.00,0.00,NaN,1,1011.1,1006.1,32,0,4,100,0.10,1.11,13.3,23.1,273,273,28.4,25.6,23.1,20.0,15.7,0.211,0.205,0.197,0.325
2024-08-06T21:00,22.8,68,16.7,23.9,0.00,0.00,0.00,NaN,2,1011.5,1006.5,53,15,16,100,0.05,0.88,8.4,18.4,260,271,23.0,24.5,23.2,20.0,15.7,0.210,0.205,0.197,0.325
2024-08-06T22:00,21.7,74,16.9,23.0,0.00,0.00,0.00,NaN,2,1012.0,1007.0,70,32,19,100,0.02,0.67,7.3,17.7,259,266,14.0,23.6,23.2,20.0,15.7,0.210,0.205,0.197,0.325
2024-08-06T23:00,21.0,79,17.3,22.0,0.00,0.00,0.00,NaN,1,1012.1,1007.1,42,9,7,100,0.02,0.52,10.7,21.0,312,321,18.0,22.9,23.1,20.0,15.7,0.210,0.205,0.197,0.325
2024-08-07T00:00,20.2,87,18.1,22.0,0.00,0.00,0.00,NaN,2,1012.0,1006.9,52,2,35,99,0.00,0.30,7.8,15.8,326,333,18.7,22.3,23.0,20.0,15.7,0.210,0.205,0.197,0.325
2024-08-07T01:00,19.7,91,18.1,21.5,0.00,0.00,0.00,0.00,2,1012.1,1007.0,51,6,27,98,0.00,0.21,7.5,14.8,325,337,13.3,21.8,22.9,20.0,15.8,0.210,0.205,0.197,0.325
2024-08-07T02:00,18.5,87,16.3,18.9,1.50,1.50,0.00,0.00,61,1013.2,1008.1,100,100,100,97,0.01,0.27,11.8,18.8,329,331,23.0,20.9,22.8,20.0,15.8,0.224,0.204,0.196,0.325
2024-08-07T03:00,17.7,86,15.3,17.9,0.40,0.40,0.00,0.00,51,1013.5,1008.4,100,100,100,93,0.01,0.28,10.5,17.1,329,332,20.9,20.1,22.6,20.0,15.8,0.228,0.204,0.196,0.325
2024-08-07T04:00,17.3,83,14.4,17.0,0.30,0.30,0.00,0.00,51,1013.5,1008.4,100,100,97,68,0.01,0.33,11.7,18.5,326,327,20.5,19.3,22.4,20.0,15.8,0.231,0.204,0.196,0.325
2024-08-07T05:00,16.8,84,14.0,16.7,0.40,0.40,0.00,0.00,51,1013.7,1008.6,100,100,100,0,0.01,0.31,9.2,14.7,329,329,20.9,18.7,22.2,20.0,15.8,0.235,0.204,0.196,0.325
2024-08-07T06:00,16.5,85,13.9,16.8,0.20,0.20,0.00,0.00,51,1013.9,1008.8,100,100,79,0,0.03,0.29,6.3,9.8,329,332,15.5,18.3,21.9,20.0,15.8,0.237,0.204,0.196,0.325
2024-08-07T07:00,16.8,83,13.8,17.1,0.00,0.00,0.00,0.00,3,1014.5,1009.4,100,100,34,0,0.04,0.33,6.0,9.0,295,299,11.9,18.3,21.7,20.0,15.8,0.237,0.204,0.196,0.325
2024-08-07T08:00,17.4,81,14.0,17.3,0.00,0.00,0.00,0.00,3,1014.9,1009.8,90,100,0,0,0.07,0.38,9.7,13.2,285,287,18.0,18.5,21.5,20.0,15.8,0.237,0.204,0.197,0.325
2024-08-07T09:00,18.5,73,13.6,18.1,0.00,0.00,0.00,0.00,1,1015.2,1010.1,33,37,0,0,0.15,0.57,10.0,13.0,291,289,22.0,19.1,21.3,20.0,15.8,0.237,0.204,0.197,0.325
2024-08-07T10:00,20.1,62,12.5,19.2,0.00,0.00,0.00,0.00,0,1015.3,1010.2,0,0,0,0,0.32,0.90,11.3,14.5,297,297,24.8,20.6,21.2,20.0,15.8,0.236,0.204,0.196,0.325
2024-08-07T11:00,21.3,52,10.9,20.6,0.00,0.00,0.00,0.00,0,1015.5,1010.4,0,0,0,0,0.43,1.23,12.4,15.9,300,298,27.7,22.1,21.2,20.0,15.8,0.234,0.204,0.196,0.325
2024-08-07T12:00,22.3,47,10.6,22.1,0.00,0.00,0.00,0.00,0,1015.4,1010.4,0,0,0,0,0.51,1.42,12.2,15.8,294,294,28.1,23.5,21.3,20.0,15.8,0.231,0.203,0.196,0.325
2024-08-07T13:00,23.3,45,10.6,23.5,0.00,0.00,0.00,0.00,1,1015.5,1010.5,36,35,7,0,0.55,1.58,11.2,14.6,291,290,27.7,24.8,21.4,20.0,15.8,0.228,0.203,0.196,0.325
2024-08-07T14:00,22.8,48,11.2,21.5,0.00,0.00,0.00,0.00,3,1015.7,1010.7,100,100,63,0,0.41,1.44,12.3,15.6,291,289,26.3,25.3,21.8,20.0,15.8,0.213,0.203,0.197,0.325
2024-08-07T15:00,22.8,48,11.2,21.4,0.00,0.00,0.00,0.00,3,1015.4,1010.4,100,65,61,19,0.35,1.45,12.4,16.2,292,291,27.7,25.2,22.0,20.0,15.8,0.211,0.203,0.197,0.325
2024-08-07T16:00,23.3,45,10.7,21.9,0.00,0.00,0.00,0.00,3,1015.0,1010.0,100,95,84,76,0.35,1.58,10.9,14.5,278,277,25.9,25.3,22.1,20.0,15.8,0.210,0.203,0.197,0.325
2024-08-07T17:00,23.2,45,10.5,21.8,0.00,0.00,0.00,0.00,1,1014.8,1009.8,34,1,50,9,0.25,1.58,10.9,14.5,278,276,23.4,24.9,22.3,20.0,15.8,0.208,0.202,0.197,0.325
2024-08-07T18:00,23.3,44,10.3,21.4,0.00,0.00,0.00,0.00,3,1014.6,1009.6,100,43,100,19,0.25,1.61,13.7,18.9,284,283,24.8,24.6,22.4,20.0,15.8,0.207,0.202,0.197,0.325
2024-08-07T19:00,22.3,49,11.1,20.9,0.00,0.00,0.00,0.00,3,1015.1,1010.1,100,50,95,97,0.16,1.37,11.8,18.2,308,304,26.3,23.9,22.4,20.0,15.8,0.206,0.202,0.197,0.325
2024-08-07T20:00,21.2,55,11.8,20.7,0.00,0.00,0.00,0.00,3,1015.7,1010.6,94,29,64,100,0.07,1.13,7.3,14.3,340,335,20.5,23.1,22.4,20.0,15.8,0.206,0.202,0.197,0.325
2024-08-07T21:00,20.0,61,12.2,19.6,0.00,0.00,0.00,0.00,3,1016.5,1011.4,100,23,87,100,0.06,0.92,7.5,16.6,343,342,13.3,22.2,22.4,20.0,15.8,0.206,0.202,0.197,0.325
2024-08-07T22:00,19.2,65,12.5,19.2,0.00,0.00,0.00,0.00,3,1016.9,1011.8,80,7,73,100,0.02,0.78,5.7,13.8,342,340,13.0,21.5,22.3,20.0,15.8,0.205,0.202,0.197,0.325
2024-08-07T23:00,18.5,70,13.0,18.8,0.10,0.10,0.00,0.00,51,1017.3,1012.2,69,3,60,100,0.01,0.64,4.7,11.7,328,342,9.4,20.9,22.2,20.0,15.8,0.206,0.202,0.197,0.324
